Entity,Code,Year,Share of population living in urban areas,Projected share of population living in urban areas
Afghanistan,AFG,1975,61.812626,
Afghanistan,AFG,1980,62.088333,
Afghanistan,AFG,1985,58.71781,
Afghanistan,AFG,1990,59.36144,
Afghanistan,AFG,1995,67.25845,
Afghanistan,AFG,2000,71.531105,
Afghanistan,AFG,2005,75.68705,
Afghanistan,AFG,2010,78.38976,
Afghanistan,AFG,2015,81.899826,
Afghanistan,AFG,2020,84.35297,84.35297
Afghanistan,AFG,2025,,86.349915
Afghanistan,AFG,2030,,87.846504
Africa,,1975,56.118877,
Africa,,1980,57.860428,
Africa,,1985,59.84285,
Africa,,1990,61.9528,
Africa,,1995,64.04042,
Africa,,2000,66.19282,
Africa,,2005,67.52939,
Africa,,2010,68.99012,
Africa,,2015,70.348465,
Africa,,2020,71.26247,71.26247
Africa,,2025,,73.035446
Africa,,2030,,74.58397
Akrotiri and Dhekelia,OWID_AKD,1975,0,
Akrotiri and Dhekelia,OWID_AKD,1980,0,
Akrotiri and Dhekelia,OWID_AKD,1985,0,
Akrotiri and Dhekelia,OWID_AKD,1990,0,
Akrotiri and Dhekelia,OWID_AKD,1995,0,
Akrotiri and Dhekelia,OWID_AKD,2000,0,
Akrotiri and Dhekelia,OWID_AKD,2005,0,
Akrotiri and Dhekelia,OWID_AKD,2010,22.388739,
Akrotiri and Dhekelia,OWID_AKD,2015,39.60948,
Akrotiri and Dhekelia,OWID_AKD,2020,39.58044,39.58044
Akrotiri and Dhekelia,OWID_AKD,2025,,39.368046
Akrotiri and Dhekelia,OWID_AKD,2030,,38.258163
Albania,ALB,1975,46.310978,
Albania,ALB,1980,47.404747,
Albania,ALB,1985,49.465202,
Albania,ALB,1990,52.18025,
Albania,ALB,1995,55.68941,
Albania,ALB,2000,57.5623,
Albania,ALB,2005,59.208454,
Albania,ALB,2010,61.917667,
Albania,ALB,2015,65.23914,
Albania,ALB,2020,67.90752,67.90752
Albania,ALB,2025,,70.90329
Albania,ALB,2030,,73.63802
Algeria,DZA,1975,58.890705,
Algeria,DZA,1980,61.673088,
Algeria,DZA,1985,64.74748,
Algeria,DZA,1990,67.177216,
Algeria,DZA,1995,70.324554,
Algeria,DZA,2000,72.79024,
Algeria,DZA,2005,74.67455,
Algeria,DZA,2010,76.51159,
Algeria,DZA,2015,78.21608,
Algeria,DZA,2020,79.648544,79.648544
Algeria,DZA,2025,,80.697235
Algeria,DZA,2030,,81.354034
American Samoa,ASM,1975,65.63241,
American Samoa,ASM,1980,68.239815,
American Samoa,ASM,1985,72.9498,
American Samoa,ASM,1990,78.93888,
American Samoa,ASM,1995,82.43325,
American Samoa,ASM,2000,83.17557,
American Samoa,ASM,2005,82.27172,
American Samoa,ASM,2010,80.938225,
American Samoa,ASM,2015,80.92736,
American Samoa,ASM,2020,75.76354,75.76354
American Samoa,ASM,2025,,72.46371
American Samoa,ASM,2030,,71.94426
Andorra,AND,1975,68.89902,
Andorra,AND,1980,70.27037,
Andorra,AND,1985,71.91741,
Andorra,AND,1990,79.92191,
Andorra,AND,1995,76.94617,
Andorra,AND,2000,74.917564,
Andorra,AND,2005,80.00574,
Andorra,AND,2010,77.424095,
Andorra,AND,2015,74.995895,
Andorra,AND,2020,73.63424,73.63424
Andorra,AND,2025,,72.10291
Andorra,AND,2030,,71.96534
Angola,AGO,1975,62.66953,
Angola,AGO,1980,63.849075,
Angola,AGO,1985,65.816826,
Angola,AGO,1990,66.832664,
Angola,AGO,1995,67.77479,
Angola,AGO,2000,68.2974,
Angola,AGO,2005,68.68422,
Angola,AGO,2010,70.98288,
Angola,AGO,2015,74.09219,
Angola,AGO,2020,75.19141,75.19141
Angola,AGO,2025,,75.77489
Angola,AGO,2030,,76.66442
Anguilla,AIA,1975,0,
Anguilla,AIA,1980,0,
Anguilla,AIA,1985,0,
Anguilla,AIA,1990,0,
Anguilla,AIA,1995,0,
Anguilla,AIA,2000,0,
Anguilla,AIA,2005,0,
Anguilla,AIA,2010,0,
Anguilla,AIA,2015,35.368736,
Anguilla,AIA,2020,33.139336,33.139336
Anguilla,AIA,2025,,35.04974
Anguilla,AIA,2030,,36.337017
Antigua and Barbuda,ATG,1975,58.622074,
Antigua and Barbuda,ATG,1980,60.342957,
Antigua and Barbuda,ATG,1985,61.55634,
Antigua and Barbuda,ATG,1990,63.034683,
Antigua and Barbuda,ATG,1995,64.09106,
Antigua and Barbuda,ATG,2000,65.109276,
Antigua and Barbuda,ATG,2005,71.028,
Antigua and Barbuda,ATG,2010,72.63131,
Antigua and Barbuda,ATG,2015,74.36775,
Antigua and Barbuda,ATG,2020,75.46492,75.46492
Antigua and Barbuda,ATG,2025,,76.78902
Antigua and Barbuda,ATG,2030,,78.19515
Argentina,ARG,1975,80.26637,
Argentina,ARG,1980,80.80309,
Argentina,ARG,1985,80.98576,
Argentina,ARG,1990,81.35549,
Argentina,ARG,1995,82.71752,
Argentina,ARG,2000,83.754036,
Argentina,ARG,2005,84.386154,
Argentina,ARG,2010,85.17836,
Argentina,ARG,2015,85.6389,
Argentina,ARG,2020,86.01482,86.01482
Argentina,ARG,2025,,86.13871
Argentina,ARG,2030,,86.17118
Armenia,ARM,1975,75.10312,
Armenia,ARM,1980,76.93675,
Armenia,ARM,1985,77.43629,
Armenia,ARM,1990,77.70996,
Armenia,ARM,1995,77.7471,
Armenia,ARM,2000,77.27688,
Armenia,ARM,2005,76.97628,
Armenia,ARM,2010,76.742516,
Armenia,ARM,2015,76.998215,
Armenia,ARM,2020,76.7645,76.7645
Armenia,ARM,2025,,76.76344
Armenia,ARM,2030,,77.07867
Aruba,ABW,1975,85.65124,
Aruba,ABW,1980,87.703255,
Aruba,ABW,1985,89.39041,
Aruba,ABW,1990,89.620766,
Aruba,ABW,1995,92.517265,
Aruba,ABW,2000,93.59129,
Aruba,ABW,2005,93.8352,
Aruba,ABW,2010,94.25211,
Aruba,ABW,2015,95.095535,
Aruba,ABW,2020,95.77422,95.77422
Aruba,ABW,2025,,95.884995
Aruba,ABW,2030,,95.58928
Asia,,1975,72.11596,
Asia,,1980,73.319916,
Asia,,1985,75.048035,
Asia,,1990,76.94462,
Asia,,1995,78.73161,
Asia,,2000,80.25578,
Asia,,2005,81.36109,
Asia,,2010,82.34381,
Asia,,2015,83.23633,
Asia,,2020,84.11706,84.11706
Asia,,2025,,84.865944
Asia,,2030,,85.39595
Australia,AUS,1975,75.31502,
Australia,AUS,1980,76.107506,
Australia,AUS,1985,76.77559,
Australia,AUS,1990,77.59542,
Australia,AUS,1995,78.5652,
Australia,AUS,2000,78.46482,
Australia,AUS,2005,79.12565,
Australia,AUS,2010,80.34726,
Australia,AUS,2015,81.39102,
Australia,AUS,2020,82.34309,82.34309
Australia,AUS,2025,,82.87421
Australia,AUS,2030,,83.49679
Austria,AUT,1975,52.05276,
Austria,AUT,1980,51.87155,
Austria,AUT,1985,52.00292,
Austria,AUT,1990,52.00849,
Austria,AUT,1995,52.63012,
Austria,AUT,2000,53.478577,
Austria,AUT,2005,54.95685,
Austria,AUT,2010,56.063534,
Austria,AUT,2015,57.486034,
Austria,AUT,2020,58.759792,58.759792
Austria,AUT,2025,,59.437172
Austria,AUT,2030,,59.87176
Azerbaijan,AZE,1975,70.00834,
Azerbaijan,AZE,1980,71.39725,
Azerbaijan,AZE,1985,71.99926,
Azerbaijan,AZE,1990,73.15351,
Azerbaijan,AZE,1995,74.10062,
Azerbaijan,AZE,2000,75.27026,
Azerbaijan,AZE,2005,76.06712,
Azerbaijan,AZE,2010,77.074554,
Azerbaijan,AZE,2015,77.90615,
Azerbaijan,AZE,2020,79.00634,79.00634
Azerbaijan,AZE,2025,,79.12043
Azerbaijan,AZE,2030,,79.40385
Bahamas,BHS,1975,68.91639,
Bahamas,BHS,1980,70.389305,
Bahamas,BHS,1985,71.7429,
Bahamas,BHS,1990,75.3334,
Bahamas,BHS,1995,75.011696,
Bahamas,BHS,2000,76.1461,
Bahamas,BHS,2005,76.38475,
Bahamas,BHS,2010,80.98529,
Bahamas,BHS,2015,81.35613,
Bahamas,BHS,2020,82.41843,82.41843
Bahamas,BHS,2025,,82.76883
Bahamas,BHS,2030,,82.68611
Bahrain,BHR,1975,94.69214,
Bahrain,BHR,1980,95.39342,
Bahrain,BHR,1985,95.68507,
Bahrain,BHR,1990,97.35663,
Bahrain,BHR,1995,97.36185,
Bahrain,BHR,2000,97.318886,
Bahrain,BHR,2005,98.05601,
Bahrain,BHR,2010,97.80272,
Bahrain,BHR,2015,97.69786,
Bahrain,BHR,2020,97.83213,97.83213
Bahrain,BHR,2025,,97.78889
Bahrain,BHR,2030,,97.81744
Bangladesh,BGD,1975,86.641136,
Bangladesh,BGD,1980,89.42664,
Bangladesh,BGD,1985,92.590126,
Bangladesh,BGD,1990,94.3677,
Bangladesh,BGD,1995,95.16909,
Bangladesh,BGD,2000,95.9204,
Bangladesh,BGD,2005,96.508286,
Bangladesh,BGD,2010,96.94139,
Bangladesh,BGD,2015,97.46529,
Bangladesh,BGD,2020,98.00728,98.00728
Bangladesh,BGD,2025,,98.18953
Bangladesh,BGD,2030,,98.37209
Barbados,BRB,1975,88.148056,
Barbados,BRB,1980,87.20691,
Barbados,BRB,1985,87.73664,
Barbados,BRB,1990,87.64529,
Barbados,BRB,1995,87.58781,
Barbados,BRB,2000,87.598,
Barbados,BRB,2005,85.77773,
Barbados,BRB,2010,85.162254,
Barbados,BRB,2015,83.09257,
Barbados,BRB,2020,86.351105,86.351105
Barbados,BRB,2025,,86.43078
Barbados,BRB,2030,,85.79179
Belarus,BLR,1975,63.008934,
Belarus,BLR,1980,64.67063,
Belarus,BLR,1985,65.95118,
Belarus,BLR,1990,66.74983,
Belarus,BLR,1995,68.16232,
Belarus,BLR,2000,69.859245,
Belarus,BLR,2005,71.020676,
Belarus,BLR,2010,72.04051,
Belarus,BLR,2015,72.956764,
Belarus,BLR,2020,74.06866,74.06866
Belarus,BLR,2025,,74.21701
Belarus,BLR,2030,,74.150375
Belgium,BEL,1975,74.115425,
Belgium,BEL,1980,74.54704,
Belgium,BEL,1985,74.752846,
Belgium,BEL,1990,75.10856,
Belgium,BEL,1995,75.87956,
Belgium,BEL,2000,76.27031,
Belgium,BEL,2005,76.60287,
Belgium,BEL,2010,77.220894,
Belgium,BEL,2015,77.95117,
Belgium,BEL,2020,78.614365,78.614365
Belgium,BEL,2025,,78.77285
Belgium,BEL,2030,,78.96836
Belize,BLZ,1975,45.497288,
Belize,BLZ,1980,42.977673,
Belize,BLZ,1985,43.49599,
Belize,BLZ,1990,47.436543,
Belize,BLZ,1995,57.151794,
Belize,BLZ,2000,60.214024,
Belize,BLZ,2005,59.948586,
Belize,BLZ,2010,59.743286,
Belize,BLZ,2015,58.23753,
Belize,BLZ,2020,56.250023,56.250023
Belize,BLZ,2025,,56.913067
Belize,BLZ,2030,,56.22371
Benin,BEN,1975,59.641445,
Benin,BEN,1980,59.783756,
Benin,BEN,1985,60.90496,
Benin,BEN,1990,63.679375,
Benin,BEN,1995,65.36667,
Benin,BEN,2000,67.26566,
Benin,BEN,2005,69.19107,
Benin,BEN,2010,70.80846,
Benin,BEN,2015,72.02317,
Benin,BEN,2020,72.28608,72.28608
Benin,BEN,2025,,72.47478
Benin,BEN,2030,,73.32938
Bermuda,BMU,1975,92.431015,
Bermuda,BMU,1980,92.01596,
Bermuda,BMU,1985,92.365005,
Bermuda,BMU,1990,91.84146,
Bermuda,BMU,1995,91.31245,
Bermuda,BMU,2000,98.4776,
Bermuda,BMU,2005,98.49682,
Bermuda,BMU,2010,98.44742,
Bermuda,BMU,2015,98.40287,
Bermuda,BMU,2020,98.40408,98.40408
Bermuda,BMU,2025,,98.361664
Bermuda,BMU,2030,,98.32198
Bhutan,BTN,1975,26.611763,
Bhutan,BTN,1980,27.128618,
Bhutan,BTN,1985,27.168005,
Bhutan,BTN,1990,28.284935,
Bhutan,BTN,1995,30.589237,
Bhutan,BTN,2000,32.892654,
Bhutan,BTN,2005,34.6572,
Bhutan,BTN,2010,34.712402,
Bhutan,BTN,2015,34.640144,
Bhutan,BTN,2020,33.419827,33.419827
Bhutan,BTN,2025,,32.57266
Bhutan,BTN,2030,,32.193928
Bolivia,BOL,1975,48.92275,
Bolivia,BOL,1980,51.66072,
Bolivia,BOL,1985,54.381466,
Bolivia,BOL,1990,57.210785,
Bolivia,BOL,1995,60.98671,
Bolivia,BOL,2000,64.38592,
Bolivia,BOL,2005,66.695595,
Bolivia,BOL,2010,68.022736,
Bolivia,BOL,2015,69.401474,
Bolivia,BOL,2020,71.46107,71.46107
Bolivia,BOL,2025,,72.232254
Bolivia,BOL,2030,,72.98525
Bonaire Sint Eustatius and Saba,BES,1975,0,
Bonaire Sint Eustatius and Saba,BES,1980,0,
Bonaire Sint Eustatius and Saba,BES,1985,44.128723,
Bonaire Sint Eustatius and Saba,BES,1990,47.865616,
Bonaire Sint Eustatius and Saba,BES,1995,54.274822,
Bonaire Sint Eustatius and Saba,BES,2000,55.007893,
Bonaire Sint Eustatius and Saba,BES,2005,61.124027,
Bonaire Sint Eustatius and Saba,BES,2010,62.61297,
Bonaire Sint Eustatius and Saba,BES,2015,60.012,
Bonaire Sint Eustatius and Saba,BES,2020,62.581158,62.581158
Bonaire Sint Eustatius and Saba,BES,2025,,62.416435
Bonaire Sint Eustatius and Saba,BES,2030,,61.027367
Bosnia and Herzegovina,BIH,1975,47.967754,
Bosnia and Herzegovina,BIH,1980,48.898415,
Bosnia and Herzegovina,BIH,1985,49.60823,
Bosnia and Herzegovina,BIH,1990,50.0822,
Bosnia and Herzegovina,BIH,1995,48.36952,
Bosnia and Herzegovina,BIH,2000,51.30526,
Bosnia and Herzegovina,BIH,2005,52.08059,
Bosnia and Herzegovina,BIH,2010,51.968704,
Bosnia and Herzegovina,BIH,2015,52.285557,
Bosnia and Herzegovina,BIH,2020,51.41948,51.41948
Bosnia and Herzegovina,BIH,2025,,51.21973
Bosnia and Herzegovina,BIH,2030,,50.66646
Botswana,BWA,1975,53.432537,
Botswana,BWA,1980,58.509655,
Botswana,BWA,1985,62.691372,
Botswana,BWA,1990,63.97757,
Botswana,BWA,1995,66.13662,
Botswana,BWA,2000,68.18737,
Botswana,BWA,2005,68.31342,
Botswana,BWA,2010,69.62634,
Botswana,BWA,2015,70.27039,
Botswana,BWA,2020,70.657005,70.657005
Botswana,BWA,2025,,70.306145
Botswana,BWA,2030,,69.87362
Brazil,BRA,1975,68.99087,
Brazil,BRA,1980,71.721664,
Brazil,BRA,1985,73.15414,
Brazil,BRA,1990,74.53443,
Brazil,BRA,1995,75.713425,
Brazil,BRA,2000,76.8348,
Brazil,BRA,2005,77.59335,
Brazil,BRA,2010,78.37042,
Brazil,BRA,2015,79.02652,
Brazil,BRA,2020,79.38162,79.38162
Brazil,BRA,2025,,79.60989
Brazil,BRA,2030,,79.73446
British Virgin Islands,VGB,1975,0,
British Virgin Islands,VGB,1980,0,
British Virgin Islands,VGB,1985,0,
British Virgin Islands,VGB,1990,34.94736,
British Virgin Islands,VGB,1995,41.418674,
British Virgin Islands,VGB,2000,40.94013,
British Virgin Islands,VGB,2005,41.801067,
British Virgin Islands,VGB,2010,62.64131,
British Virgin Islands,VGB,2015,62.699802,
British Virgin Islands,VGB,2020,62.510162,62.510162
British Virgin Islands,VGB,2025,,62.43923
British Virgin Islands,VGB,2030,,61.850292
Brunei,BRN,1975,60.887657,
Brunei,BRN,1980,65.912315,
Brunei,BRN,1985,66.398186,
Brunei,BRN,1990,71.17431,
Brunei,BRN,1995,75.33895,
Brunei,BRN,2000,75.871216,
Brunei,BRN,2005,77.187904,
Brunei,BRN,2010,80.80912,
Brunei,BRN,2015,81.85844,
Brunei,BRN,2020,82.07797,82.07797
Brunei,BRN,2025,,83.55268
Brunei,BRN,2030,,83.82959
Bulgaria,BGR,1975,60.119606,
Bulgaria,BGR,1980,60.674095,
Bulgaria,BGR,1985,61.259808,
Bulgaria,BGR,1990,61.186504,
Bulgaria,BGR,1995,60.937412,
Bulgaria,BGR,2000,60.605885,
Bulgaria,BGR,2005,60.30247,
Bulgaria,BGR,2010,60.25759,
Bulgaria,BGR,2015,60.36237,
Bulgaria,BGR,2020,60.10663,60.10663
Bulgaria,BGR,2025,,59.618073
Bulgaria,BGR,2030,,59.224163
Burkina Faso,BFA,1975,28.05732,
Burkina Faso,BFA,1980,31.035631,
Burkina Faso,BFA,1985,34.302883,
Burkina Faso,BFA,1990,37.10409,
Burkina Faso,BFA,1995,41.20095,
Burkina Faso,BFA,2000,45.057865,
Burkina Faso,BFA,2005,47.40749,
Burkina Faso,BFA,2010,48.949707,
Burkina Faso,BFA,2015,49.902058,
Burkina Faso,BFA,2020,49.485424,49.485424
Burkina Faso,BFA,2025,,50.912167
Burkina Faso,BFA,2030,,52.530586
Burundi,BDI,1975,47.611732,
Burundi,BDI,1980,51.411068,
Burundi,BDI,1985,55.476116,
Burundi,BDI,1990,57.976597,
Burundi,BDI,1995,60.164524,
Burundi,BDI,2000,62.10502,
Burundi,BDI,2005,64.818344,
Burundi,BDI,2010,71.84605,
Burundi,BDI,2015,78.11343,
Burundi,BDI,2020,83.61467,83.61467
Burundi,BDI,2025,,88.59308
Burundi,BDI,2030,,91.694046
Cambodia,KHM,1975,38.192455,
Cambodia,KHM,1980,36.631416,
Cambodia,KHM,1985,45.39267,
Cambodia,KHM,1990,53.56973,
Cambodia,KHM,1995,61.133503,
Cambodia,KHM,2000,64.083275,
Cambodia,KHM,2005,65.00016,
Cambodia,KHM,2010,65.421745,
Cambodia,KHM,2015,66.13618,
Cambodia,KHM,2020,67.29534,67.29534
Cambodia,KHM,2025,,68.54576
Cambodia,KHM,2030,,69.91579
Cameroon,CMR,1975,66.00155,
Cameroon,CMR,1980,66.54652,
Cameroon,CMR,1985,66.978714,
Cameroon,CMR,1990,67.88862,
Cameroon,CMR,1995,69.798004,
Cameroon,CMR,2000,71.380196,
Cameroon,CMR,2005,72.58266,
Cameroon,CMR,2010,73.42398,
Cameroon,CMR,2015,74.05785,
Cameroon,CMR,2020,74.32718,74.32718
Cameroon,CMR,2025,,75.21314
Cameroon,CMR,2030,,76.51932
Canada,CAN,1975,68.34985,
Canada,CAN,1980,68.94173,
Canada,CAN,1985,70.02569,
Canada,CAN,1990,71.28513,
Canada,CAN,1995,72.251366,
Canada,CAN,2000,73.09368,
Canada,CAN,2005,74.077354,
Canada,CAN,2010,74.94784,
Canada,CAN,2015,75.68946,
Canada,CAN,2020,76.261055,76.261055
Canada,CAN,2025,,76.6096
Canada,CAN,2030,,76.97252
Cape Verde,CPV,1975,66.95201,
Cape Verde,CPV,1980,65.654915,
Cape Verde,CPV,1985,66.34035,
Cape Verde,CPV,1990,67.140335,
Cape Verde,CPV,1995,68.91331,
Cape Verde,CPV,2000,71.962006,
Cape Verde,CPV,2005,71.44139,
Cape Verde,CPV,2010,74.49653,
Cape Verde,CPV,2015,75.406364,
Cape Verde,CPV,2020,76.05994,76.05994
Cape Verde,CPV,2025,,75.69105
Cape Verde,CPV,2030,,75.670265
Cayman Islands,CYM,1975,0,
Cayman Islands,CYM,1980,31.97549,
Cayman Islands,CYM,1985,39.42892,
Cayman Islands,CYM,1990,44.28566,
Cayman Islands,CYM,1995,59.9187,
Cayman Islands,CYM,2000,81.73576,
Cayman Islands,CYM,2005,85.7034,
Cayman Islands,CYM,2010,88.482315,
Cayman Islands,CYM,2015,90.58969,
Cayman Islands,CYM,2020,92.27604,92.27604
Cayman Islands,CYM,2025,,93.2536
Cayman Islands,CYM,2030,,94.18664
Central African Republic,CAF,1975,49.655975,
Central African Republic,CAF,1980,48.843334,
Central African Republic,CAF,1985,47.5608,
Central African Republic,CAF,1990,48.099834,
Central African Republic,CAF,1995,50.104256,
Central African Republic,CAF,2000,51.467724,
Central African Republic,CAF,2005,53.114544,
Central African Republic,CAF,2010,54.72191,
Central African Republic,CAF,2015,55.497257,
Central African Republic,CAF,2020,57.023273,57.023273
Central African Republic,CAF,2025,,58.594822
Central African Republic,CAF,2030,,60.829018
Chad,TCD,1975,43.241104,
Chad,TCD,1980,44.901207,
Chad,TCD,1985,46.520187,
Chad,TCD,1990,48.526295,
Chad,TCD,1995,50.332977,
Chad,TCD,2000,52.261646,
Chad,TCD,2005,52.858627,
Chad,TCD,2010,52.946644,
Chad,TCD,2015,52.867966,
Chad,TCD,2020,51.280766,51.280766
Chad,TCD,2025,,51.616184
Chad,TCD,2030,,53.206326
Chile,CHL,1975,69.06977,
Chile,CHL,1980,70.71674,
Chile,CHL,1985,71.82466,
Chile,CHL,1990,72.4151,
Chile,CHL,1995,74.53717,
Chile,CHL,2000,76.62605,
Chile,CHL,2005,78.77925,
Chile,CHL,2010,80.51294,
Chile,CHL,2015,81.350815,
Chile,CHL,2020,81.760445,81.760445
Chile,CHL,2025,,81.91547
Chile,CHL,2030,,82.006424
China,CHN,1975,74.49242,
China,CHN,1980,75.43248,
China,CHN,1985,77.03368,
China,CHN,1990,78.95494,
China,CHN,1995,80.436325,
China,CHN,2000,81.551285,
China,CHN,2005,82.30543,
China,CHN,2010,82.967285,
China,CHN,2015,83.47112,
China,CHN,2020,83.70954,83.70954
China,CHN,2025,,83.83841
China,CHN,2030,,83.70338
Christmas Island,CXR,1975,0,
Christmas Island,CXR,1980,0,
Christmas Island,CXR,1985,0,
Christmas Island,CXR,1990,0,
Christmas Island,CXR,1995,0,
Christmas Island,CXR,2000,0,
Christmas Island,CXR,2005,0,
Christmas Island,CXR,2010,0,
Christmas Island,CXR,2015,0,
Christmas Island,CXR,2020,0,0
Christmas Island,CXR,2025,,0
Christmas Island,CXR,2030,,0
Cocos Islands,CCK,1975,0,
Cocos Islands,CCK,1980,0,
Cocos Islands,CCK,1985,0,
Cocos Islands,CCK,1990,0,
Cocos Islands,CCK,1995,0,
Cocos Islands,CCK,2000,0,
Cocos Islands,CCK,2005,0,
Cocos Islands,CCK,2010,0,
Cocos Islands,CCK,2015,0,
Cocos Islands,CCK,2020,0,0
Cocos Islands,CCK,2025,,0
Cocos Islands,CCK,2030,,0
Colombia,COL,1975,72.033005,
Colombia,COL,1980,71.80188,
Colombia,COL,1985,71.787,
Colombia,COL,1990,71.79566,
Colombia,COL,1995,74.451866,
Colombia,COL,2000,76.613396,
Colombia,COL,2005,77.85386,
Colombia,COL,2010,79.13809,
Colombia,COL,2015,80.433395,
Colombia,COL,2020,81.50309,81.50309
Colombia,COL,2025,,82.14072
Colombia,COL,2030,,82.73931
Comoros,COM,1975,60.960667,
Comoros,COM,1980,64.83252,
Comoros,COM,1985,69.10249,
Comoros,COM,1990,70.11896,
Comoros,COM,1995,72.37401,
Comoros,COM,2000,75.20021,
Comoros,COM,2005,76.47273,
Comoros,COM,2010,79.609825,
Comoros,COM,2015,83.47093,
Comoros,COM,2020,86.3283,86.3283
Comoros,COM,2025,,87.88542
Comoros,COM,2030,,88.68143
Congo,COG,1975,94.27135,
Congo,COG,1980,94.15707,
Congo,COG,1985,93.477806,
Congo,COG,1990,91.34077,
Congo,COG,1995,90.746216,
Congo,COG,2000,88.45598,
Congo,COG,2005,87.10132,
Congo,COG,2010,85.93102,
Congo,COG,2015,86.09429,
Congo,COG,2020,87.70816,87.70816
Congo,COG,2025,,88.47412
Congo,COG,2030,,90.11703
Cook Islands,COK,1975,0,
Cook Islands,COK,1980,0,
Cook Islands,COK,1985,0,
Cook Islands,COK,1990,0,
Cook Islands,COK,1995,0,
Cook Islands,COK,2000,0,
Cook Islands,COK,2005,54.380672,
Cook Islands,COK,2010,49.695976,
Cook Islands,COK,2015,46.716255,
Cook Islands,COK,2020,0,0
Cook Islands,COK,2025,,0
Cook Islands,COK,2030,,0
Costa Rica,CRI,1975,60.125214,
Costa Rica,CRI,1980,62.174843,
Costa Rica,CRI,1985,64.646324,
Costa Rica,CRI,1990,67.389404,
Costa Rica,CRI,1995,69.72825,
Costa Rica,CRI,2000,72.243164,
Costa Rica,CRI,2005,73.19667,
Costa Rica,CRI,2010,73.30926,
Costa Rica,CRI,2015,73.639626,
Costa Rica,CRI,2020,74.03975,74.03975
Costa Rica,CRI,2025,,74.48138
Costa Rica,CRI,2030,,74.311066
Cote d'Ivoire,CIV,1975,50.844265,
Cote d'Ivoire,CIV,1980,52.533485,
Cote d'Ivoire,CIV,1985,53.660244,
Cote d'Ivoire,CIV,1990,55.037647,
Cote d'Ivoire,CIV,1995,57.195683,
Cote d'Ivoire,CIV,2000,59.434624,
Cote d'Ivoire,CIV,2005,60.889763,
Cote d'Ivoire,CIV,2010,62.505825,
Cote d'Ivoire,CIV,2015,64.439285,
Cote d'Ivoire,CIV,2020,66.08755,66.08755
Cote d'Ivoire,CIV,2025,,66.799965
Cote d'Ivoire,CIV,2030,,67.71572
Croatia,HRV,1975,51.859272,
Croatia,HRV,1980,52.953697,
Croatia,HRV,1985,53.70122,
Croatia,HRV,1990,54.392235,
Croatia,HRV,1995,54.656113,
Croatia,HRV,2000,54.67047,
Croatia,HRV,2005,55.03572,
Croatia,HRV,2010,55.46182,
Croatia,HRV,2015,55.60484,
Croatia,HRV,2020,55.18093,55.18093
Croatia,HRV,2025,,54.85475
Croatia,HRV,2030,,54.45406
Cuba,CUB,1975,86.427376,
Cuba,CUB,1980,85.16267,
Cuba,CUB,1985,84.33645,
Cuba,CUB,1990,83.32499,
Cuba,CUB,1995,83.44014,
Cuba,CUB,2000,83.585915,
Cuba,CUB,2005,83.68347,
Cuba,CUB,2010,83.4642,
Cuba,CUB,2015,83.24092,
Cuba,CUB,2020,82.32225,82.32225
Cuba,CUB,2025,,82.03353
Cuba,CUB,2030,,81.80764
Curacao,CUW,1975,83.57148,
Curacao,CUW,1980,81.80643,
Curacao,CUW,1985,82.802895,
Curacao,CUW,1990,86.14892,
Curacao,CUW,1995,86.775475,
Curacao,CUW,2000,86.85599,
Curacao,CUW,2005,89.32323,
Curacao,CUW,2010,90.67781,
Curacao,CUW,2015,90.253296,
Curacao,CUW,2020,95.07805,95.07805
Curacao,CUW,2025,,94.32829
Curacao,CUW,2030,,94.40063
Cyprus,CYP,1975,64.518234,
Cyprus,CYP,1980,67.42303,
Cyprus,CYP,1985,68.8401,
Cyprus,CYP,1990,70.022896,
Cyprus,CYP,1995,70.50099,
Cyprus,CYP,2000,70.5807,
Cyprus,CYP,2005,73.680756,
Cyprus,CYP,2010,74.90884,
Cyprus,CYP,2015,75.92451,
Cyprus,CYP,2020,76.851326,76.851326
Cyprus,CYP,2025,,77.29172
Cyprus,CYP,2030,,77.54131
Czechia,CZE,1975,59.62596,
Czechia,CZE,1980,60.092915,
Czechia,CZE,1985,60.38827,
Czechia,CZE,1990,60.28631,
Czechia,CZE,1995,60.06691,
Czechia,CZE,2000,59.495365,
Czechia,CZE,2005,59.481956,
Czechia,CZE,2010,59.394257,
Czechia,CZE,2015,59.626503,
Czechia,CZE,2020,60.120106,60.120106
Czechia,CZE,2025,,60.66207
Czechia,CZE,2030,,60.87262
Democratic Republic of Congo,COD,1975,57.584698,
Democratic Republic of Congo,COD,1980,57.72846,
Democratic Republic of Congo,COD,1985,58.34955,
Democratic Republic of Congo,COD,1990,59.760773,
Democratic Republic of Congo,COD,1995,62.533813,
Democratic Republic of Congo,COD,2000,64.64693,
Democratic Republic of Congo,COD,2005,66.42072,
Democratic Republic of Congo,COD,2010,68.60545,
Democratic Republic of Congo,COD,2015,70.925285,
Democratic Republic of Congo,COD,2020,72.48665,72.48665
Democratic Republic of Congo,COD,2025,,74.55216
Democratic Republic of Congo,COD,2030,,76.461586
Denmark,DNK,1975,61.762383,
Denmark,DNK,1980,61.122257,
Denmark,DNK,1985,60.906822,
Denmark,DNK,1990,60.929195,
Denmark,DNK,1995,61.228336,
Denmark,DNK,2000,61.77752,
Denmark,DNK,2005,62.33528,
Denmark,DNK,2010,63.16048,
Denmark,DNK,2015,64.22437,
Denmark,DNK,2020,64.86382,64.86382
Denmark,DNK,2025,,65.21878
Denmark,DNK,2030,,65.437546
Djibouti,DJI,1975,64.54926,
Djibouti,DJI,1980,74.40822,
Djibouti,DJI,1985,80.679565,
Djibouti,DJI,1990,86.62347,
Djibouti,DJI,1995,89.519615,
Djibouti,DJI,2000,89.62118,
Djibouti,DJI,2005,90.18895,
Djibouti,DJI,2010,90.07436,
Djibouti,DJI,2015,89.52752,
Djibouti,DJI,2020,89.602104,89.602104
Djibouti,DJI,2025,,89.615906
Djibouti,DJI,2030,,89.70402
Dominica,DMA,1975,46.469315,
Dominica,DMA,1980,45.68,
Dominica,DMA,1985,37.718227,
Dominica,DMA,1990,30.875195,
Dominica,DMA,1995,31.64776,
Dominica,DMA,2000,32.79738,
Dominica,DMA,2005,33.550217,
Dominica,DMA,2010,34.096317,
Dominica,DMA,2015,41.932865,
Dominica,DMA,2020,42.89518,42.89518
Dominica,DMA,2025,,44.070187
Dominica,DMA,2030,,45.480774
Dominican Republic,DOM,1975,75.22208,
Dominican Republic,DOM,1980,77.022675,
Dominican Republic,DOM,1985,78.57407,
Dominican Republic,DOM,1990,79.39078,
Dominican Republic,DOM,1995,81.21173,
Dominican Republic,DOM,2000,82.989494,
Dominican Republic,DOM,2005,83.77979,
Dominican Republic,DOM,2010,84.80393,
Dominican Republic,DOM,2015,84.85362,
Dominican Republic,DOM,2020,85.51524,85.51524
Dominican Republic,DOM,2025,,86.28961
Dominican Republic,DOM,2030,,86.697815
East Timor,TLS,1975,19.06535,
East Timor,TLS,1980,22.412603,
East Timor,TLS,1985,24.805752,
East Timor,TLS,1990,29.138268,
East Timor,TLS,1995,29.771671,
East Timor,TLS,2000,31.911924,
East Timor,TLS,2005,33.564537,
East Timor,TLS,2010,38.974575,
East Timor,TLS,2015,43.420265,
East Timor,TLS,2020,48.709972,48.709972
East Timor,TLS,2025,,51.92607
East Timor,TLS,2030,,54.410233
Ecuador,ECU,1975,65.520676,
Ecuador,ECU,1980,67.04897,
Ecuador,ECU,1985,68.27808,
Ecuador,ECU,1990,69.168045,
Ecuador,ECU,1995,71.50128,
Ecuador,ECU,2000,73.57956,
Ecuador,ECU,2005,74.83881,
Ecuador,ECU,2010,75.881035,
Ecuador,ECU,2015,76.78043,
Ecuador,ECU,2020,77.50831,77.50831
Ecuador,ECU,2025,,77.94969
Ecuador,ECU,2030,,78.30888
Egypt,EGY,1975,90.506805,
Egypt,EGY,1980,91.828514,
Egypt,EGY,1985,92.90378,
Egypt,EGY,1990,93.99727,
Egypt,EGY,1995,94.83846,
Egypt,EGY,2000,95.448395,
Egypt,EGY,2005,95.94629,
Egypt,EGY,2010,96.32886,
Egypt,EGY,2015,96.567604,
Egypt,EGY,2020,96.8714,96.8714
Egypt,EGY,2025,,97.260895
Egypt,EGY,2030,,97.46339
El Salvador,SLV,1975,67.907295,
El Salvador,SLV,1980,69.98552,
El Salvador,SLV,1985,72.21151,
El Salvador,SLV,1990,75.93766,
El Salvador,SLV,1995,77.238884,
El Salvador,SLV,2000,77.376854,
El Salvador,SLV,2005,77.20951,
El Salvador,SLV,2010,77.05802,
El Salvador,SLV,2015,76.825676,
El Salvador,SLV,2020,76.38713,76.38713
El Salvador,SLV,2025,,76.77912
El Salvador,SLV,2030,,77.30108
Equatorial Guinea,GNQ,1975,50.9396,
Equatorial Guinea,GNQ,1980,49.588676,
Equatorial Guinea,GNQ,1985,49.0415,
Equatorial Guinea,GNQ,1990,47.54368,
Equatorial Guinea,GNQ,1995,49.887947,
Equatorial Guinea,GNQ,2000,59.875816,
Equatorial Guinea,GNQ,2005,63.694393,
Equatorial Guinea,GNQ,2010,69.02164,
Equatorial Guinea,GNQ,2015,72.71805,
Equatorial Guinea,GNQ,2020,89.34063,89.34063
Equatorial Guinea,GNQ,2025,,90.30373
Equatorial Guinea,GNQ,2030,,90.76031
Eritrea,ERI,1975,60.799736,
Eritrea,ERI,1980,62.22268,
Eritrea,ERI,1985,65.02941,
Eritrea,ERI,1990,67.45555,
Eritrea,ERI,1995,71.49883,
Eritrea,ERI,2000,75.07053,
Eritrea,ERI,2005,74.24487,
Eritrea,ERI,2010,73.31596,
Eritrea,ERI,2015,70.5591,
Eritrea,ERI,2020,65.26478,65.26478
Eritrea,ERI,2025,,64.81185
Eritrea,ERI,2030,,65.555244
Estonia,EST,1975,71.22643,
Estonia,EST,1980,71.69774,
Estonia,EST,1985,70.79691,
Estonia,EST,1990,68.82274,
Estonia,EST,1995,67.52248,
Estonia,EST,2000,65.268654,
Estonia,EST,2005,64.25306,
Estonia,EST,2010,63.186436,
Estonia,EST,2015,63.423645,
Estonia,EST,2020,64.88176,64.88176
Estonia,EST,2025,,66.025734
Estonia,EST,2030,,66.33344
Eswatini,SWZ,1975,16.568644,
Eswatini,SWZ,1980,18.400074,
Eswatini,SWZ,1985,22.603632,
Eswatini,SWZ,1990,25.185337,
Eswatini,SWZ,1995,28.457895,
Eswatini,SWZ,2000,30.790033,
Eswatini,SWZ,2005,29.056805,
Eswatini,SWZ,2010,28.801262,
Eswatini,SWZ,2015,27.019987,
Eswatini,SWZ,2020,23.99375,23.99375
Eswatini,SWZ,2025,,23.315279
Eswatini,SWZ,2030,,23.27321
Ethiopia,ETH,1975,48.841545,
Ethiopia,ETH,1980,51.341396,
Ethiopia,ETH,1985,54.842197,
Ethiopia,ETH,1990,57.85383,
Ethiopia,ETH,1995,62.307972,
Ethiopia,ETH,2000,65.943924,
Ethiopia,ETH,2005,65.75486,
Ethiopia,ETH,2010,65.26971,
Ethiopia,ETH,2015,64.25823,
Ethiopia,ETH,2020,63.866734,63.866734
Ethiopia,ETH,2025,,68.651634
Ethiopia,ETH,2030,,71.61859
Europe,,1975,69.91546,
Europe,,1980,70.37455,
Europe,,1985,70.61646,
Europe,,1990,70.90244,
Europe,,1995,71.23089,
Europe,,2000,71.45005,
Europe,,2005,71.5921,
Europe,,2010,71.880424,
Europe,,2015,72.22077,
Europe,,2020,72.54342,72.54342
Europe,,2025,,72.44072
Europe,,2030,,72.38974
Falkland Islands,FLK,1975,0,
Falkland Islands,FLK,1980,0,
Falkland Islands,FLK,1985,0,
Falkland Islands,FLK,1990,0,
Falkland Islands,FLK,1995,0,
Falkland Islands,FLK,2000,0,
Falkland Islands,FLK,2005,0,
Falkland Islands,FLK,2010,0,
Falkland Islands,FLK,2015,0,
Falkland Islands,FLK,2020,0,0
Falkland Islands,FLK,2025,,0
Falkland Islands,FLK,2030,,0
Faroe Islands,FRO,1975,31.454927,
Faroe Islands,FRO,1980,31.312958,
Faroe Islands,FRO,1985,29.832708,
Faroe Islands,FRO,1990,28.99437,
Faroe Islands,FRO,1995,32.996975,
Faroe Islands,FRO,2000,33.717896,
Faroe Islands,FRO,2005,34.60976,
Faroe Islands,FRO,2010,34.619125,
Faroe Islands,FRO,2015,34.17276,
Faroe Islands,FRO,2020,34.48154,34.48154
Faroe Islands,FRO,2025,,34.58895
Faroe Islands,FRO,2030,,34.810112
Fiji,FJI,1975,41.810925,
Fiji,FJI,1980,43.62917,
Fiji,FJI,1985,45.911484,
Fiji,FJI,1990,47.20782,
Fiji,FJI,1995,48.78977,
Fiji,FJI,2000,49.960163,
Fiji,FJI,2005,50.93897,
Fiji,FJI,2010,53.28418,
Fiji,FJI,2015,53.666706,
Fiji,FJI,2020,54.287064,54.287064
Fiji,FJI,2025,,54.968655
Fiji,FJI,2030,,56.262825
Finland,FIN,1975,51.638,
Finland,FIN,1980,52.596878,
Finland,FIN,1985,53.100216,
Finland,FIN,1990,54.421806,
Finland,FIN,1995,55.716793,
Finland,FIN,2000,56.76118,
Finland,FIN,2005,57.885586,
Finland,FIN,2010,59.08485,
Finland,FIN,2015,60.527184,
Finland,FIN,2020,60.979313,60.979313
Finland,FIN,2025,,60.930626
Finland,FIN,2030,,60.561455
France,FRA,1975,62.748074,
France,FRA,1980,62.79048,
France,FRA,1985,62.72656,
France,FRA,1990,62.64698,
France,FRA,1995,62.65002,
France,FRA,2000,62.50102,
France,FRA,2005,62.29159,
France,FRA,2010,62.055103,
France,FRA,2015,61.987972,
France,FRA,2020,61.851036,61.851036
France,FRA,2025,,61.804626
France,FRA,2030,,61.884396
French Guiana,GUF,1975,57.918922,
French Guiana,GUF,1980,59.346897,
French Guiana,GUF,1985,56.48703,
French Guiana,GUF,1990,56.843758,
French Guiana,GUF,1995,64.12843,
French Guiana,GUF,2000,65.44346,
French Guiana,GUF,2005,66.63232,
French Guiana,GUF,2010,66.179016,
French Guiana,GUF,2015,69.912,
French Guiana,GUF,2020,72.114685,72.114685
French Guiana,GUF,2025,,73.863945
French Guiana,GUF,2030,,74.917
French Polynesia,PYF,1975,52.557365,
French Polynesia,PYF,1980,52.258213,
French Polynesia,PYF,1985,52.270172,
French Polynesia,PYF,1990,56.646435,
French Polynesia,PYF,1995,56.199974,
French Polynesia,PYF,2000,56.45197,
French Polynesia,PYF,2005,58.303272,
French Polynesia,PYF,2010,60.460716,
French Polynesia,PYF,2015,62.820904,
French Polynesia,PYF,2020,66.828156,66.828156
French Polynesia,PYF,2025,,68.00502
French Polynesia,PYF,2030,,69.0076
Gabon,GAB,1975,70.44231,
Gabon,GAB,1980,73.5519,
Gabon,GAB,1985,74.58857,
Gabon,GAB,1990,75.41516,
Gabon,GAB,1995,76.67995,
Gabon,GAB,2000,78.02894,
Gabon,GAB,2005,78.249725,
Gabon,GAB,2010,79.31326,
Gabon,GAB,2015,80.50738,
Gabon,GAB,2020,82.757576,82.757576
Gabon,GAB,2025,,83.46552
Gabon,GAB,2030,,84.3605
Gambia,GMB,1975,44.024334,
Gambia,GMB,1980,47.192844,
Gambia,GMB,1985,50.369812,
Gambia,GMB,1990,55.933876,
Gambia,GMB,1995,58.989952,
Gambia,GMB,2000,61.8995,
Gambia,GMB,2005,65.76587,
Gambia,GMB,2010,69.32789,
Gambia,GMB,2015,72.143036,
Gambia,GMB,2020,75.27321,75.27321
Gambia,GMB,2025,,77.65301
Gambia,GMB,2030,,79.57478
Georgia,GEO,1975,65.09762,
Georgia,GEO,1980,65.601555,
Georgia,GEO,1985,66.15508,
Georgia,GEO,1990,65.941055,
Georgia,GEO,1995,64.46958,
Georgia,GEO,2000,63.791348,
Georgia,GEO,2005,63.86758,
Georgia,GEO,2010,64.42615,
Georgia,GEO,2015,64.82194,
Georgia,GEO,2020,64.1905,64.1905
Georgia,GEO,2025,,64.37709
Georgia,GEO,2030,,64.722786
Germany,DEU,1975,71.62457,
Germany,DEU,1980,71.37794,
Germany,DEU,1985,71.19175,
Germany,DEU,1990,71.53277,
Germany,DEU,1995,72.01574,
Germany,DEU,2000,72.238884,
Germany,DEU,2005,72.20825,
Germany,DEU,2010,72.37779,
Germany,DEU,2015,72.53306,
Germany,DEU,2020,73.04629,73.04629
Germany,DEU,2025,,72.96566
Germany,DEU,2030,,72.75551
Ghana,GHA,1975,57.688828,
Ghana,GHA,1980,59.233128,
Ghana,GHA,1985,61.138332,
Ghana,GHA,1990,63.37548,
Ghana,GHA,1995,66.920746,
Ghana,GHA,2000,69.71663,
Ghana,GHA,2005,72.37363,
Ghana,GHA,2010,74.4898,
Ghana,GHA,2015,75.98074,
Ghana,GHA,2020,77.00816,77.00816
Ghana,GHA,2025,,77.00368
Ghana,GHA,2030,,77.125336
Gibraltar,GIB,1975,100,
Gibraltar,GIB,1980,100,
Gibraltar,GIB,1985,100,
Gibraltar,GIB,1990,100,
Gibraltar,GIB,1995,100,
Gibraltar,GIB,2000,100,
Gibraltar,GIB,2005,100,
Gibraltar,GIB,2010,100,
Gibraltar,GIB,2015,100,
Gibraltar,GIB,2020,100,100
Gibraltar,GIB,2025,,100
Gibraltar,GIB,2030,,100
Greece,GRC,1975,66.06662,
Greece,GRC,1980,67.16588,
Greece,GRC,1985,66.82285,
Greece,GRC,1990,66.9294,
Greece,GRC,1995,66.92559,
Greece,GRC,2000,67.26062,
Greece,GRC,2005,67.32126,
Greece,GRC,2010,67.338486,
Greece,GRC,2015,67.390205,
Greece,GRC,2020,67.06699,67.06699
Greece,GRC,2025,,66.797035
Greece,GRC,2030,,66.86936
Greenland,GRL,1975,13.787186,
Greenland,GRL,1980,17.542854,
Greenland,GRL,1985,19.06331,
Greenland,GRL,1990,20.752605,
Greenland,GRL,1995,22.302431,
Greenland,GRL,2000,32.200386,
Greenland,GRL,2005,33.85776,
Greenland,GRL,2010,36.037373,
Greenland,GRL,2015,38.768642,
Greenland,GRL,2020,41.296925,41.296925
Greenland,GRL,2025,,43.073544
Greenland,GRL,2030,,43.902523
Grenada,GRD,1975,66.56708,
Grenada,GRD,1980,66.268295,
Grenada,GRD,1985,66.71031,
Grenada,GRD,1990,64.66523,
Grenada,GRD,1995,69.55058,
Grenada,GRD,2000,73.538246,
Grenada,GRD,2005,72.52598,
Grenada,GRD,2010,69.589134,
Grenada,GRD,2015,70.86621,
Grenada,GRD,2020,74.15465,74.15465
Grenada,GRD,2025,,75.33001
Grenada,GRD,2030,,77.48318
Guadeloupe,GLP,1975,68.57895,
Guadeloupe,GLP,1980,68.44246,
Guadeloupe,GLP,1985,70.278015,
Guadeloupe,GLP,1990,72.80823,
Guadeloupe,GLP,1995,74.54841,
Guadeloupe,GLP,2000,74.54146,
Guadeloupe,GLP,2005,73.78441,
Guadeloupe,GLP,2010,74.97156,
Guadeloupe,GLP,2015,74.44536,
Guadeloupe,GLP,2020,74.334045,74.334045
Guadeloupe,GLP,2025,,73.318596
Guadeloupe,GLP,2030,,73.706345
Guam,GUM,1975,62.08619,
Guam,GUM,1980,75.14474,
Guam,GUM,1985,75.09746,
Guam,GUM,1990,75.87689,
Guam,GUM,1995,77.02548,
Guam,GUM,2000,82.072266,
Guam,GUM,2005,82.56471,
Guam,GUM,2010,83.86134,
Guam,GUM,2015,83.63025,
Guam,GUM,2020,85.25965,85.25965
Guam,GUM,2025,,85.279236
Guam,GUM,2030,,85.10143
Guatemala,GTM,1975,62.21535,
Guatemala,GTM,1980,64.03066,
Guatemala,GTM,1985,65.575294,
Guatemala,GTM,1990,67.544525,
Guatemala,GTM,1995,69.746506,
Guatemala,GTM,2000,71.66073,
Guatemala,GTM,2005,72.65705,
Guatemala,GTM,2010,73.04305,
Guatemala,GTM,2015,73.058395,
Guatemala,GTM,2020,72.92421,72.92421
Guatemala,GTM,2025,,74.22109
Guatemala,GTM,2030,,75.31121
Guernsey,GGY,1975,89.727394,
Guernsey,GGY,1980,89.38018,
Guernsey,GGY,1985,89.38009,
Guernsey,GGY,1990,89.68997,
Guernsey,GGY,1995,90.61549,
Guernsey,GGY,2000,90.57878,
Guernsey,GGY,2005,90.51456,
Guernsey,GGY,2010,90.45245,
Guernsey,GGY,2015,90.91094,
Guernsey,GGY,2020,90.863785,90.863785
Guernsey,GGY,2025,,91.00882
Guernsey,GGY,2030,,91.04032
Guinea,GIN,1975,38.93632,
Guinea,GIN,1980,38.481693,
Guinea,GIN,1985,39.045506,
Guinea,GIN,1990,40.361877,
Guinea,GIN,1995,42.68556,
Guinea,GIN,2000,45.03624,
Guinea,GIN,2005,47.584908,
Guinea,GIN,2010,49.811752,
Guinea,GIN,2015,52.06037,
Guinea,GIN,2020,53.59954,53.59954
Guinea,GIN,2025,,55.663116
Guinea,GIN,2030,,57.78075
Guinea-Bissau,GNB,1975,40.35197,
Guinea-Bissau,GNB,1980,41.407776,
Guinea-Bissau,GNB,1985,41.401802,
Guinea-Bissau,GNB,1990,44.020706,
Guinea-Bissau,GNB,1995,46.191467,
Guinea-Bissau,GNB,2000,48.36256,
Guinea-Bissau,GNB,2005,50.24504,
Guinea-Bissau,GNB,2010,52.244465,
Guinea-Bissau,GNB,2015,54.250343,
Guinea-Bissau,GNB,2020,54.98975,54.98975
Guinea-Bissau,GNB,2025,,55.71449
Guinea-Bissau,GNB,2030,,56.689465
Guyana,GUY,1975,75.306854,
Guyana,GUY,1980,74.71359,
Guyana,GUY,1985,75.637146,
Guyana,GUY,1990,74.5099,
Guyana,GUY,1995,75.607056,
Guyana,GUY,2000,74.277534,
Guyana,GUY,2005,73.575294,
Guyana,GUY,2010,73.51576,
Guyana,GUY,2015,73.06822,
Guyana,GUY,2020,73.041275,73.041275
Guyana,GUY,2025,,73.099846
Guyana,GUY,2030,,73.47084
Haiti,HTI,1975,58.16465,
Haiti,HTI,1980,61.76226,
Haiti,HTI,1985,65.44884,
Haiti,HTI,1990,68.4637,
Haiti,HTI,1995,71.07039,
Haiti,HTI,2000,73.43492,
Haiti,HTI,2005,75.47773,
Haiti,HTI,2010,78.46237,
Haiti,HTI,2015,80.12623,
Haiti,HTI,2020,82.6903,82.6903
Haiti,HTI,2025,,84.56349
Haiti,HTI,2030,,86.122856
High-income countries,,1975,72.091675,
High-income countries,,1980,72.694954,
High-income countries,,1985,73.17954,
High-income countries,,1990,73.74525,
High-income countries,,1995,74.42909,
High-income countries,,2000,75.049225,
High-income countries,,2005,75.50277,
High-income countries,,2010,76.05979,
High-income countries,,2015,76.58724,
High-income countries,,2020,77.00919,77.00919
High-income countries,,2025,,77.042984
High-income countries,,2030,,77.10536
Honduras,HND,1975,40.177624,
Honduras,HND,1980,42.271297,
Honduras,HND,1985,44.628403,
Honduras,HND,1990,46.372593,
Honduras,HND,1995,48.253864,
Honduras,HND,2000,50.6764,
Honduras,HND,2005,52.451385,
Honduras,HND,2010,54.089993,
Honduras,HND,2015,55.410374,
Honduras,HND,2020,59.03319,59.03319
Honduras,HND,2025,,60.435677
Honduras,HND,2030,,61.322548
Hungary,HUN,1975,64.18772,
Hungary,HUN,1980,64.79409,
Hungary,HUN,1985,64.617645,
Hungary,HUN,1990,64.393776,
Hungary,HUN,1995,63.9116,
Hungary,HUN,2000,63.430332,
Hungary,HUN,2005,63.017136,
Hungary,HUN,2010,62.75374,
Hungary,HUN,2015,62.497147,
Hungary,HUN,2020,62.54014,62.54014
Hungary,HUN,2025,,62.607204
Hungary,HUN,2030,,62.31927
Iceland,ISL,1975,57.565052,
Iceland,ISL,1980,61.04874,
Iceland,ISL,1985,62.282265,
Iceland,ISL,1990,63.57544,
Iceland,ISL,1995,63.46966,
Iceland,ISL,2000,67.48941,
Iceland,ISL,2005,70.401436,
Iceland,ISL,2010,73.71474,
Iceland,ISL,2015,74.29858,
Iceland,ISL,2020,75.84262,75.84262
Iceland,ISL,2025,,75.63787
Iceland,ISL,2030,,76.95806
India,IND,1975,65.31831,
India,IND,1980,67.4388,
India,IND,1985,70.086334,
India,IND,1990,72.74924,
India,IND,1995,75.405075,
India,IND,2000,77.651695,
India,IND,2005,79.188,
India,IND,2010,80.453766,
India,IND,2015,81.74271,
India,IND,2020,83.298454,83.298454
India,IND,2025,,84.54472
India,IND,2030,,85.512314
Indonesia,IDN,1975,81.642166,
Indonesia,IDN,1980,81.60066,
Indonesia,IDN,1985,82.12688,
Indonesia,IDN,1990,82.89649,
Indonesia,IDN,1995,83.62708,
Indonesia,IDN,2000,84.21138,
Indonesia,IDN,2005,84.61158,
Indonesia,IDN,2010,85.06569,
Indonesia,IDN,2015,85.50483,
Indonesia,IDN,2020,85.758865,85.758865
Indonesia,IDN,2025,,86.11796
Indonesia,IDN,2030,,86.38306
Iran,IRN,1975,73.19954,
Iran,IRN,1980,74.59694,
Iran,IRN,1985,76.49896,
Iran,IRN,1990,77.805725,
Iran,IRN,1995,79.58939,
Iran,IRN,2000,80.9924,
Iran,IRN,2005,81.95194,
Iran,IRN,2010,83.05342,
Iran,IRN,2015,84.08943,
Iran,IRN,2020,84.69128,84.69128
Iran,IRN,2025,,84.90486
Iran,IRN,2030,,84.964714
Iraq,IRQ,1975,72.19591,
Iraq,IRQ,1980,73.40998,
Iraq,IRQ,1985,74.76649,
Iraq,IRQ,1990,75.66861,
Iraq,IRQ,1995,78.412125,
Iraq,IRQ,2000,80.740814,
Iraq,IRQ,2005,83.05019,
Iraq,IRQ,2010,84.546486,
Iraq,IRQ,2015,86.36626,
Iraq,IRQ,2020,87.581505,87.581505
Iraq,IRQ,2025,,88.33918
Iraq,IRQ,2030,,89.017166
Ireland,IRL,1975,52.95118,
Ireland,IRL,1980,53.11277,
Ireland,IRL,1985,53.3091,
Ireland,IRL,1990,53.100945,
Ireland,IRL,1995,53.06036,
Ireland,IRL,2000,53.305,
Ireland,IRL,2005,53.57021,
Ireland,IRL,2010,53.73533,
Ireland,IRL,2015,54.398273,
Ireland,IRL,2020,54.841583,54.841583
Ireland,IRL,2025,,55.222088
Ireland,IRL,2030,,55.690723
Isle of Man,IMN,1975,54.69924,
Isle of Man,IMN,1980,61.026436,
Isle of Man,IMN,1985,61.443607,
Isle of Man,IMN,1990,61.305546,
Isle of Man,IMN,1995,62.0032,
Isle of Man,IMN,2000,62.331535,
Isle of Man,IMN,2005,61.849583,
Isle of Man,IMN,2010,61.756123,
Isle of Man,IMN,2015,68.259155,
Isle of Man,IMN,2020,67.551674,67.551674
Isle of Man,IMN,2025,,67.84092
Isle of Man,IMN,2030,,63.497883
Israel,ISR,1975,84.29154,
Israel,ISR,1980,85.248116,
Israel,ISR,1985,86.429405,
Israel,ISR,1990,87.33087,
Israel,ISR,1995,89.88037,
Israel,ISR,2000,91.20584,
Israel,ISR,2005,91.98416,
Israel,ISR,2010,92.26337,
Israel,ISR,2015,92.813805,
Israel,ISR,2020,93.379036,93.379036
Israel,ISR,2025,,93.707184
Israel,ISR,2030,,93.95551
Italy,ITA,1975,73.74029,
Italy,ITA,1980,74.24037,
Italy,ITA,1985,74.35329,
Italy,ITA,1990,74.48435,
Italy,ITA,1995,74.63552,
Italy,ITA,2000,74.76032,
Italy,ITA,2005,75.33831,
Italy,ITA,2010,76.14868,
Italy,ITA,2015,76.641594,
Italy,ITA,2020,76.71429,76.71429
Italy,ITA,2025,,76.65338
Italy,ITA,2030,,76.74148
Jamaica,JAM,1975,72.595345,
Jamaica,JAM,1980,73.64521,
Jamaica,JAM,1985,73.73458,
Jamaica,JAM,1990,73.86183,
Jamaica,JAM,1995,75.227264,
Jamaica,JAM,2000,75.69031,
Jamaica,JAM,2005,75.47231,
Jamaica,JAM,2010,74.93102,
Jamaica,JAM,2015,74.51485,
Jamaica,JAM,2020,72.32506,72.32506
Jamaica,JAM,2025,,71.29687
Jamaica,JAM,2030,,70.79171
Japan,JPN,1975,89.626434,
Japan,JPN,1980,89.85185,
Japan,JPN,1985,89.98387,
Japan,JPN,1990,90.22345,
Japan,JPN,1995,90.70309,
Japan,JPN,2000,90.84257,
Japan,JPN,2005,91.05897,
Japan,JPN,2010,91.157196,
Japan,JPN,2015,91.145584,
Japan,JPN,2020,91.07246,91.07246
Japan,JPN,2025,,90.77861
Japan,JPN,2030,,90.42632
Jersey,JEY,1975,81.17806,
Jersey,JEY,1980,82.585175,
Jersey,JEY,1985,82.51601,
Jersey,JEY,1990,83.217735,
Jersey,JEY,1995,84.61526,
Jersey,JEY,2000,85.28137,
Jersey,JEY,2005,86.76754,
Jersey,JEY,2010,87.17,
Jersey,JEY,2015,90.1344,
Jersey,JEY,2020,91.32384,91.32384
Jersey,JEY,2025,,93.69164
Jersey,JEY,2030,,94.09994
Jordan,JOR,1975,74.583725,
Jordan,JOR,1980,76.82421,
Jordan,JOR,1985,78.68335,
Jordan,JOR,1990,81.581665,
Jordan,JOR,1995,85.48857,
Jordan,JOR,2000,87.28172,
Jordan,JOR,2005,88.577995,
Jordan,JOR,2010,90.19715,
Jordan,JOR,2015,92.51227,
Jordan,JOR,2020,93.50432,93.50432
Jordan,JOR,2025,,93.772675
Jordan,JOR,2030,,93.92194
Kazakhstan,KAZ,1975,63.973648,
Kazakhstan,KAZ,1980,64.4202,
Kazakhstan,KAZ,1985,64.84436,
Kazakhstan,KAZ,1990,65.57213,
Kazakhstan,KAZ,1995,67.526596,
Kazakhstan,KAZ,2000,69.0783,
Kazakhstan,KAZ,2005,71.26613,
Kazakhstan,KAZ,2010,73.39242,
Kazakhstan,KAZ,2015,75.181114,
Kazakhstan,KAZ,2020,76.52193,76.52193
Kazakhstan,KAZ,2025,,77.34733
Kazakhstan,KAZ,2030,,77.80701
Kenya,KEN,1975,39.994476,
Kenya,KEN,1980,44.783836,
Kenya,KEN,1985,50.202328,
Kenya,KEN,1990,55.581074,
Kenya,KEN,1995,58.73523,
Kenya,KEN,2000,62.30716,
Kenya,KEN,2005,64.7097,
Kenya,KEN,2010,68.76168,
Kenya,KEN,2015,72.402855,
Kenya,KEN,2020,75.2529,75.2529
Kenya,KEN,2025,,77.65234
Kenya,KEN,2030,,79.311035
Kiribati,KIR,1975,23.166739,
Kiribati,KIR,1980,26.880106,
Kiribati,KIR,1985,28.646168,
Kiribati,KIR,1990,31.68041,
Kiribati,KIR,1995,34.039318,
Kiribati,KIR,2000,39.96506,
Kiribati,KIR,2005,42.156136,
Kiribati,KIR,2010,46.826008,
Kiribati,KIR,2015,51.66365,
Kiribati,KIR,2020,61.608494,61.608494
Kiribati,KIR,2025,,65.427475
Kiribati,KIR,2030,,72.25845
Kosovo,OWID_KOS,1975,61.212273,
Kosovo,OWID_KOS,1980,63.697308,
Kosovo,OWID_KOS,1985,66.75082,
Kosovo,OWID_KOS,1990,69.648834,
Kosovo,OWID_KOS,1995,71.58859,
Kosovo,OWID_KOS,2000,67.52487,
Kosovo,OWID_KOS,2005,69.02002,
Kosovo,OWID_KOS,2010,70.547386,
Kosovo,OWID_KOS,2015,71.16847,
Kosovo,OWID_KOS,2020,71.00275,71.00275
Kosovo,OWID_KOS,2025,,70.9223
Kosovo,OWID_KOS,2030,,71.777306
Kuwait,KWT,1975,95.075195,
Kuwait,KWT,1980,95.64943,
Kuwait,KWT,1985,95.422714,
Kuwait,KWT,1990,96.74011,
Kuwait,KWT,1995,94.91704,
Kuwait,KWT,2000,94.658264,
Kuwait,KWT,2005,95.14206,
Kuwait,KWT,2010,95.82269,
Kuwait,KWT,2015,96.13825,
Kuwait,KWT,2020,96.17932,96.17932
Kuwait,KWT,2025,,96.18328
Kuwait,KWT,2030,,96.09026
Kyrgyzstan,KGZ,1975,70.76965,
Kyrgyzstan,KGZ,1980,71.597496,
Kyrgyzstan,KGZ,1985,71.781906,
Kyrgyzstan,KGZ,1990,72.137596,
Kyrgyzstan,KGZ,1995,73.98258,
Kyrgyzstan,KGZ,2000,74.45103,
Kyrgyzstan,KGZ,2005,74.74755,
Kyrgyzstan,KGZ,2010,75.246635,
Kyrgyzstan,KGZ,2015,75.82423,
Kyrgyzstan,KGZ,2020,75.25711,75.25711
Kyrgyzstan,KGZ,2025,,75.77368
Kyrgyzstan,KGZ,2030,,76.91425
Laos,LAO,1975,17.14809,
Laos,LAO,1980,18.14299,
Laos,LAO,1985,19.65889,
Laos,LAO,1990,20.44975,
Laos,LAO,1995,22.139189,
Laos,LAO,2000,23.833178,
Laos,LAO,2005,25.23659,
Laos,LAO,2010,26.618694,
Laos,LAO,2015,27.43152,
Laos,LAO,2020,29.254822,29.254822
Laos,LAO,2025,,31.622198
Laos,LAO,2030,,33.452423
Latvia,LVA,1975,59.064728,
Latvia,LVA,1980,60.868263,
Latvia,LVA,1985,61.367928,
Latvia,LVA,1990,61.869453,
Latvia,LVA,1995,60.458027,
Latvia,LVA,2000,59.602676,
Latvia,LVA,2005,59.29965,
Latvia,LVA,2010,58.362274,
Latvia,LVA,2015,57.813423,
Latvia,LVA,2020,56.905384,56.905384
Latvia,LVA,2025,,55.589993
Latvia,LVA,2030,,54.576088
Lebanon,LBN,1975,87.58297,
Lebanon,LBN,1980,86.11771,
Lebanon,LBN,1985,82.65229,
Lebanon,LBN,1990,81.28072,
Lebanon,LBN,1995,82.82975,
Lebanon,LBN,2000,84.596375,
Lebanon,LBN,2005,85.90163,
Lebanon,LBN,2010,86.66518,
Lebanon,LBN,2015,91.22541,
Lebanon,LBN,2020,89.3992,89.3992
Lebanon,LBN,2025,,87.1285
Lebanon,LBN,2030,,86.132454
Lesotho,LSO,1975,21.25466,
Lesotho,LSO,1980,27.193865,
Lesotho,LSO,1985,30.132172,
Lesotho,LSO,1990,33.95787,
Lesotho,LSO,1995,35.500008,
Lesotho,LSO,2000,37.452187,
Lesotho,LSO,2005,36.637146,
Lesotho,LSO,2010,36.980164,
Lesotho,LSO,2015,37.408222,
Lesotho,LSO,2020,37.994286,37.994286
Lesotho,LSO,2025,,38.914566
Lesotho,LSO,2030,,40.757576
Liberia,LBR,1975,42.063183,
Liberia,LBR,1980,43.235004,
Liberia,LBR,1985,46.85157,
Liberia,LBR,1990,61.610394,
Liberia,LBR,1995,45.915897,
Liberia,LBR,2000,52.146805,
Liberia,LBR,2005,58.566547,
Liberia,LBR,2010,54.354362,
Liberia,LBR,2015,56.500458,
Liberia,LBR,2020,58.684002,58.684002
Liberia,LBR,2025,,60.543518
Liberia,LBR,2030,,62.142998
Libya,LBY,1975,65.37779,
Libya,LBY,1980,66.16592,
Libya,LBY,1985,67.92501,
Libya,LBY,1990,69.718094,
Libya,LBY,1995,72.0707,
Libya,LBY,2000,73.41917,
Libya,LBY,2005,74.68554,
Libya,LBY,2010,75.25931,
Libya,LBY,2015,74.70032,
Libya,LBY,2020,74.7147,74.7147
Libya,LBY,2025,,74.44985
Libya,LBY,2030,,74.33237
Liechtenstein,LIE,1975,74.60813,
Liechtenstein,LIE,1980,75.71628,
Liechtenstein,LIE,1985,78.02147,
Liechtenstein,LIE,1990,80.94593,
Liechtenstein,LIE,1995,81.18935,
Liechtenstein,LIE,2000,84.18304,
Liechtenstein,LIE,2005,84.777245,
Liechtenstein,LIE,2010,84.520355,
Liechtenstein,LIE,2015,85.25035,
Liechtenstein,LIE,2020,86.359116,86.359116
Liechtenstein,LIE,2025,,85.72753
Liechtenstein,LIE,2030,,85.78121
Lithuania,LTU,1975,55.55914,
Lithuania,LTU,1980,57.67647,
Lithuania,LTU,1985,58.652313,
Lithuania,LTU,1990,59.059143,
Lithuania,LTU,1995,59.010273,
Lithuania,LTU,2000,60.114456,
Lithuania,LTU,2005,59.16639,
Lithuania,LTU,2010,58.435272,
Lithuania,LTU,2015,58.13388,
Lithuania,LTU,2020,58.004356,58.004356
Lithuania,LTU,2025,,57.118137
Lithuania,LTU,2030,,56.106792
Low-income countries,,1975,50.381504,
Low-income countries,,1980,52.112423,
Low-income countries,,1985,54.015453,
Low-income countries,,1990,56.39496,
Low-income countries,,1995,58.968235,
Low-income countries,,2000,61.8495,
Low-income countries,,2005,63.406754,
Low-income countries,,2010,65.11394,
Low-income countries,,2015,66.39498,
Low-income countries,,2020,67.668205,67.668205
Low-income countries,,2025,,70.41458
Low-income countries,,2030,,72.65651
Lower-middle-income countries,,1975,66.178955,
Lower-middle-income countries,,1980,68.045494,
Lower-middle-income countries,,1985,70.3806,
Lower-middle-income countries,,1990,72.703926,
Lower-middle-income countries,,1995,74.98642,
Lower-middle-income countries,,2000,76.979065,
Lower-middle-income countries,,2005,78.3955,
Lower-middle-income countries,,2010,79.60883,
Lower-middle-income countries,,2015,80.786644,
Lower-middle-income countries,,2020,81.98075,81.98075
Lower-middle-income countries,,2025,,83.09061
Lower-middle-income countries,,2030,,83.97996
Luxembourg,LUX,1975,59.32314,
Luxembourg,LUX,1980,59.83397,
Luxembourg,LUX,1985,60.054993,
Luxembourg,LUX,1990,59.53739,
Luxembourg,LUX,1995,60.650528,
Luxembourg,LUX,2000,61.517864,
Luxembourg,LUX,2005,63.111763,
Luxembourg,LUX,2010,66.32623,
Luxembourg,LUX,2015,66.447556,
Luxembourg,LUX,2020,69.78759,69.78759
Luxembourg,LUX,2025,,70.4933
Luxembourg,LUX,2030,,71.44427
Madagascar,MDG,1975,20.227354,
Madagascar,MDG,1980,22.20118,
Madagascar,MDG,1985,23.881062,
Madagascar,MDG,1990,26.357164,
Madagascar,MDG,1995,28.636944,
Madagascar,MDG,2000,30.874325,
Madagascar,MDG,2005,32.808136,
Madagascar,MDG,2010,35.74867,
Madagascar,MDG,2015,39.005653,
Madagascar,MDG,2020,42.367485,42.367485
Madagascar,MDG,2025,,45.818188
Madagascar,MDG,2030,,49.22845
Malawi,MWI,1975,14.795156,
Malawi,MWI,1980,18.455343,
Malawi,MWI,1985,25.94705,
Malawi,MWI,1990,33.755257,
Malawi,MWI,1995,36.07076,
Malawi,MWI,2000,40.47308,
Malawi,MWI,2005,45.887,
Malawi,MWI,2010,52.48369,
Malawi,MWI,2015,59.058647,
Malawi,MWI,2020,64.358505,64.358505
Malawi,MWI,2025,,69.858246
Malawi,MWI,2030,,74.31387
Malaysia,MYS,1975,67.296585,
Malaysia,MYS,1980,68.38356,
Malaysia,MYS,1985,69.74654,
Malaysia,MYS,1990,71.5448,
Malaysia,MYS,1995,74.34994,
Malaysia,MYS,2000,76.992134,
Malaysia,MYS,2005,78.61039,
Malaysia,MYS,2010,80.177376,
Malaysia,MYS,2015,81.469345,
Malaysia,MYS,2020,82.04798,82.04798
Malaysia,MYS,2025,,82.736374
Malaysia,MYS,2030,,83.14744
Maldives,MDV,1975,20.173712,
Maldives,MDV,1980,28.826464,
Maldives,MDV,1985,32.24671,
Maldives,MDV,1990,39.385864,
Maldives,MDV,1995,40.36876,
Maldives,MDV,2000,41.501244,
Maldives,MDV,2005,44.041553,
Maldives,MDV,2010,46.977886,
Maldives,MDV,2015,49.97847,
Maldives,MDV,2020,55.73414,55.73414
Maldives,MDV,2025,,56.50923
Maldives,MDV,2030,,56.947243
Mali,MLI,1975,31.011522,
Mali,MLI,1980,31.49441,
Mali,MLI,1985,31.614992,
Mali,MLI,1990,32.230724,
Mali,MLI,1995,34.52397,
Mali,MLI,2000,37.149532,
Mali,MLI,2005,39.81172,
Mali,MLI,2010,42.34239,
Mali,MLI,2015,44.374283,
Mali,MLI,2020,46.75053,46.75053
Mali,MLI,2025,,48.571106
Mali,MLI,2030,,50.96901
Malta,MLT,1975,91.07445,
Malta,MLT,1980,90.507195,
Malta,MLT,1985,91.676865,
Malta,MLT,1990,92.52001,
Malta,MLT,1995,93.4818,
Malta,MLT,2000,94.08809,
Malta,MLT,2005,94.073875,
Malta,MLT,2010,93.97294,
Malta,MLT,2015,94.32374,
Malta,MLT,2020,95.048035,95.048035
Malta,MLT,2025,,95.253006
Malta,MLT,2030,,96.019585
Marshall Islands,MHL,1975,39.56786,
Marshall Islands,MHL,1980,35.205727,
Marshall Islands,MHL,1985,37.642395,
Marshall Islands,MHL,1990,38.906185,
Marshall Islands,MHL,1995,48.703648,
Marshall Islands,MHL,2000,49.569355,
Marshall Islands,MHL,2005,52.016457,
Marshall Islands,MHL,2010,54.989918,
Marshall Islands,MHL,2015,59.277725,
Marshall Islands,MHL,2020,58.32295,58.32295
Marshall Islands,MHL,2025,,58.934563
Marshall Islands,MHL,2030,,59.231968
Martinique,MTQ,1975,72.04387,
Martinique,MTQ,1980,70.504005,
Martinique,MTQ,1985,69.24917,
Martinique,MTQ,1990,68.17738,
Martinique,MTQ,1995,71.668175,
Martinique,MTQ,2000,77.8661,
Martinique,MTQ,2005,74.62006,
Martinique,MTQ,2010,75.614586,
Martinique,MTQ,2015,75.31969,
Martinique,MTQ,2020,74.54862,74.54862
Martinique,MTQ,2025,,74.200714
Martinique,MTQ,2030,,75.290955
Mauritania,MRT,1975,25.38618,
Mauritania,MRT,1980,32.861927,
Mauritania,MRT,1985,39.74697,
Mauritania,MRT,1990,44.41849,
Mauritania,MRT,1995,46.938698,
Mauritania,MRT,2000,49.435646,
Mauritania,MRT,2005,52.79126,
Mauritania,MRT,2010,55.583054,
Mauritania,MRT,2015,57.873993,
Mauritania,MRT,2020,59.123592,59.123592
Mauritania,MRT,2025,,61.69136
Mauritania,MRT,2030,,63.903774
Mauritius,MUS,1975,86.58418,
Mauritius,MUS,1980,86.617615,
Mauritius,MUS,1985,88.298256,
Mauritius,MUS,1990,88.933784,
Mauritius,MUS,1995,89.6204,
Mauritius,MUS,2000,90.15752,
Mauritius,MUS,2005,91.65247,
Mauritius,MUS,2010,91.53798,
Mauritius,MUS,2015,91.37393,
Mauritius,MUS,2020,91.31943,91.31943
Mauritius,MUS,2025,,91.968025
Mauritius,MUS,2030,,91.41632
Mayotte,MYT,1975,41.48601,
Mayotte,MYT,1980,46.430534,
Mayotte,MYT,1985,48.07181,
Mayotte,MYT,1990,55.513756,
Mayotte,MYT,1995,69.74491,
Mayotte,MYT,2000,80.40875,
Mayotte,MYT,2005,80.42819,
Mayotte,MYT,2010,80.38895,
Mayotte,MYT,2015,88.382164,
Mayotte,MYT,2020,92.75951,92.75951
Mayotte,MYT,2025,,94.51656
Mayotte,MYT,2030,,95.955505
Mexico,MEX,1975,66.15704,
Mexico,MEX,1980,68.82932,
Mexico,MEX,1985,71.02226,
Mexico,MEX,1990,73.63024,
Mexico,MEX,1995,74.68977,
Mexico,MEX,2000,75.834206,
Mexico,MEX,2005,76.32802,
Mexico,MEX,2010,77.13684,
Mexico,MEX,2015,77.8608,
Mexico,MEX,2020,77.27305,77.27305
Mexico,MEX,2025,,77.71429
Mexico,MEX,2030,,78.06067
Micronesia (country),FSM,1975,14.087309,
Micronesia (country),FSM,1980,15.259269,
Micronesia (country),FSM,1985,22.158571,
Micronesia (country),FSM,1990,27.993488,
Micronesia (country),FSM,1995,28.375015,
Micronesia (country),FSM,2000,30.969095,
Micronesia (country),FSM,2005,32.14194,
Micronesia (country),FSM,2010,32.449196,
Micronesia (country),FSM,2015,27.285126,
Micronesia (country),FSM,2020,27.749495,27.749495
Micronesia (country),FSM,2025,,27.740389
Micronesia (country),FSM,2030,,34.69844
Moldova,MDA,1975,61.140614,
Moldova,MDA,1980,61.1741,
Moldova,MDA,1985,62.093742,
Moldova,MDA,1990,62.47925,
Moldova,MDA,1995,61.832462,
Moldova,MDA,2000,61.57269,
Moldova,MDA,2005,60.241657,
Moldova,MDA,2010,58.427586,
Moldova,MDA,2015,55.834858,
Moldova,MDA,2020,53.758675,53.758675
Moldova,MDA,2025,,54.54641
Moldova,MDA,2030,,54.47339
Monaco,MCO,1975,100,
Monaco,MCO,1980,100,
Monaco,MCO,1985,100,
Monaco,MCO,1990,100,
Monaco,MCO,1995,100,
Monaco,MCO,2000,100,
Monaco,MCO,2005,100,
Monaco,MCO,2010,100,
Monaco,MCO,2015,100,
Monaco,MCO,2020,100,100
Monaco,MCO,2025,,100
Monaco,MCO,2030,,100
Mongolia,MNG,1975,49.22469,
Mongolia,MNG,1980,51.33748,
Mongolia,MNG,1985,53.195717,
Mongolia,MNG,1990,54.319157,
Mongolia,MNG,1995,56.577896,
Mongolia,MNG,2000,58.334496,
Mongolia,MNG,2005,60.915886,
Mongolia,MNG,2010,64.42099,
Mongolia,MNG,2015,67.434,
Mongolia,MNG,2020,70.23487,70.23487
Mongolia,MNG,2025,,71.56814
Mongolia,MNG,2030,,72.54892
Montenegro,MNE,1975,79.94001,
Montenegro,MNE,1980,80.17716,
Montenegro,MNE,1985,80.178276,
Montenegro,MNE,1990,80.95577,
Montenegro,MNE,1995,81.012955,
Montenegro,MNE,2000,81.33104,
Montenegro,MNE,2005,80.73055,
Montenegro,MNE,2010,80.674965,
Montenegro,MNE,2015,82.53132,
Montenegro,MNE,2020,82.0341,82.0341
Montenegro,MNE,2025,,81.66924
Montenegro,MNE,2030,,81.41379
Montserrat,MSR,1975,89.722275,
Montserrat,MSR,1980,91.8631,
Montserrat,MSR,1985,92.0006,
Montserrat,MSR,1990,88.56854,
Montserrat,MSR,1995,85.53174,
Montserrat,MSR,2000,0,
Montserrat,MSR,2005,0,
Montserrat,MSR,2010,0,
Montserrat,MSR,2015,0,
Montserrat,MSR,2020,0,0
Montserrat,MSR,2025,,0
Montserrat,MSR,2030,,0
Morocco,MAR,1975,62.36148,
Morocco,MAR,1980,65.01409,
Morocco,MAR,1985,67.45806,
Morocco,MAR,1990,69.313805,
Morocco,MAR,1995,71.21676,
Morocco,MAR,2000,72.53395,
Morocco,MAR,2005,74.12493,
Morocco,MAR,2010,75.66001,
Morocco,MAR,2015,76.87319,
Morocco,MAR,2020,77.88448,77.88448
Morocco,MAR,2025,,78.79484
Morocco,MAR,2030,,79.56787
Mozambique,MOZ,1975,40.656956,
Mozambique,MOZ,1980,43.486855,
Mozambique,MOZ,1985,45.11704,
Mozambique,MOZ,1990,46.72884,
Mozambique,MOZ,1995,48.797897,
Mozambique,MOZ,2000,49.582882,
Mozambique,MOZ,2005,50.013947,
Mozambique,MOZ,2010,50.410576,
Mozambique,MOZ,2015,51.18717,
Mozambique,MOZ,2020,50.383007,50.383007
Mozambique,MOZ,2025,,52.24871
Mozambique,MOZ,2030,,54.48312
Myanmar,MMR,1975,86.08954,
Myanmar,MMR,1980,81.44563,
Myanmar,MMR,1985,76.485756,
Myanmar,MMR,1990,72.2418,
Myanmar,MMR,1995,70.00276,
Myanmar,MMR,2000,69.52936,
Myanmar,MMR,2005,69.21666,
Myanmar,MMR,2010,69.33115,
Myanmar,MMR,2015,69.39027,
Myanmar,MMR,2020,69.62933,69.62933
Myanmar,MMR,2025,,70.537285
Myanmar,MMR,2030,,71.27465
Namibia,NAM,1975,22.304968,
Namibia,NAM,1980,24.540318,
Namibia,NAM,1985,27.105835,
Namibia,NAM,1990,27.505499,
Namibia,NAM,1995,29.754671,
Namibia,NAM,2000,32.47586,
Namibia,NAM,2005,34.75531,
Namibia,NAM,2010,37.657574,
Namibia,NAM,2015,40.40994,
Namibia,NAM,2020,41.21783,41.21783
Namibia,NAM,2025,,42.8229
Namibia,NAM,2030,,44.599308
Nauru,NRU,1975,82.48989,
Nauru,NRU,1980,80.744415,
Nauru,NRU,1985,88.59021,
Nauru,NRU,1990,87.72337,
Nauru,NRU,1995,87.04573,
Nauru,NRU,2000,86.46047,
Nauru,NRU,2005,88.72276,
Nauru,NRU,2010,88.28729,
Nauru,NRU,2015,90.961685,
Nauru,NRU,2020,93.68892,93.68892
Nauru,NRU,2025,,93.82158
Nauru,NRU,2030,,93.91449
Nepal,NPL,1975,55.37745,
Nepal,NPL,1980,56.18907,
Nepal,NPL,1985,58.37682,
Nepal,NPL,1990,60.524105,
Nepal,NPL,1995,63.374294,
Nepal,NPL,2000,66.5004,
Nepal,NPL,2005,68.96964,
Nepal,NPL,2010,70.358246,
Nepal,NPL,2015,71.14281,
Nepal,NPL,2020,73.846176,73.846176
Nepal,NPL,2025,,76.73356
Nepal,NPL,2030,,78.22853
Netherlands,NLD,1975,81.582466,
Netherlands,NLD,1980,81.77235,
Netherlands,NLD,1985,81.812126,
Netherlands,NLD,1990,81.95989,
Netherlands,NLD,1995,82.92265,
Netherlands,NLD,2000,83.426346,
Netherlands,NLD,2005,83.59522,
Netherlands,NLD,2010,83.74748,
Netherlands,NLD,2015,83.885155,
Netherlands,NLD,2020,84.24413,84.24413
Netherlands,NLD,2025,,84.02903
Netherlands,NLD,2030,,83.86948
New Caledonia,NCL,1975,47.54693,
New Caledonia,NCL,1980,50.446846,
New Caledonia,NCL,1985,51.267033,
New Caledonia,NCL,1990,50.43425,
New Caledonia,NCL,1995,50.485813,
New Caledonia,NCL,2000,51.354557,
New Caledonia,NCL,2005,52.509308,
New Caledonia,NCL,2010,58.012806,
New Caledonia,NCL,2015,59.316975,
New Caledonia,NCL,2020,65.55962,65.55962
New Caledonia,NCL,2025,,66.98503
New Caledonia,NCL,2030,,68.119934
New Zealand,NZL,1975,69.74118,
New Zealand,NZL,1980,70.2347,
New Zealand,NZL,1985,70.50213,
New Zealand,NZL,1990,70.95643,
New Zealand,NZL,1995,72.380165,
New Zealand,NZL,2000,73.04948,
New Zealand,NZL,2005,73.86906,
New Zealand,NZL,2010,74.14767,
New Zealand,NZL,2015,74.45634,
New Zealand,NZL,2020,76.37326,76.37326
New Zealand,NZL,2025,,76.70731
New Zealand,NZL,2030,,77.05668
Nicaragua,NIC,1975,61.5125,
Nicaragua,NIC,1980,62.192448,
Nicaragua,NIC,1985,63.10159,
Nicaragua,NIC,1990,63.842358,
Nicaragua,NIC,1995,65.249596,
Nicaragua,NIC,2000,65.987274,
Nicaragua,NIC,2005,65.5665,
Nicaragua,NIC,2010,65.59051,
Nicaragua,NIC,2015,65.57017,
Nicaragua,NIC,2020,64.43507,64.43507
Nicaragua,NIC,2025,,64.11942
Nicaragua,NIC,2030,,63.96617
Niger,NER,1975,37.340916,
Niger,NER,1980,39.410347,
Niger,NER,1985,41.236145,
Niger,NER,1990,44.493458,
Niger,NER,1995,47.447475,
Niger,NER,2000,50.24715,
Niger,NER,2005,50.842266,
Niger,NER,2010,51.69546,
Niger,NER,2015,50.96196,
Niger,NER,2020,50.141685,50.141685
Niger,NER,2025,,53.324104
Niger,NER,2030,,57.53514
Nigeria,NGA,1975,71.52439,
Nigeria,NGA,1980,71.83016,
Nigeria,NGA,1985,72.58392,
Nigeria,NGA,1990,73.50991,
Nigeria,NGA,1995,75.224945,
Nigeria,NGA,2000,76.669,
Nigeria,NGA,2005,77.95476,
Nigeria,NGA,2010,79.16269,
Nigeria,NGA,2015,80.096344,
Nigeria,NGA,2020,80.272835,80.272835
Nigeria,NGA,2025,,81.49372
Nigeria,NGA,2030,,82.56131
Niue,NIU,1975,0,
Niue,NIU,1980,0,
Niue,NIU,1985,0,
Niue,NIU,1990,0,
Niue,NIU,1995,0,
Niue,NIU,2000,0,
Niue,NIU,2005,0,
Niue,NIU,2010,0,
Niue,NIU,2015,0,
Niue,NIU,2020,0,0
Niue,NIU,2025,,0
Niue,NIU,2030,,0
Norfolk Island,NFK,1975,0,
Norfolk Island,NFK,1980,0,
Norfolk Island,NFK,1985,0,
Norfolk Island,NFK,1990,0,
Norfolk Island,NFK,1995,0,
Norfolk Island,NFK,2000,0,
Norfolk Island,NFK,2005,0,
Norfolk Island,NFK,2010,0,
Norfolk Island,NFK,2015,0,
Norfolk Island,NFK,2020,0,0
Norfolk Island,NFK,2025,,0
Norfolk Island,NFK,2030,,0
North America,,1975,65.60589,
North America,,1980,66.813934,
North America,,1985,68.07093,
North America,,1990,69.49497,
North America,,1995,70.80006,
North America,,2000,72.18549,
North America,,2005,72.947685,
North America,,2010,73.725105,
North America,,2015,74.54593,
North America,,2020,75.01884,75.01884
North America,,2025,,75.386925
North America,,2030,,75.76294
North Korea,PRK,1975,87.82708,
North Korea,PRK,1980,87.41766,
North Korea,PRK,1985,86.73964,
North Korea,PRK,1990,86.532906,
North Korea,PRK,1995,86.715866,
North Korea,PRK,2000,86.91018,
North Korea,PRK,2005,86.96416,
North Korea,PRK,2010,86.968124,
North Korea,PRK,2015,86.74847,
North Korea,PRK,2020,86.517395,86.517395
North Korea,PRK,2025,,86.52303
North Korea,PRK,2030,,86.58181
North Macedonia,MKD,1975,68.65677,
North Macedonia,MKD,1980,69.36321,
North Macedonia,MKD,1985,69.7406,
North Macedonia,MKD,1990,69.99282,
North Macedonia,MKD,1995,69.85593,
North Macedonia,MKD,2000,70.73052,
North Macedonia,MKD,2005,71.0675,
North Macedonia,MKD,2010,71.6693,
North Macedonia,MKD,2015,72.73826,
North Macedonia,MKD,2020,73.28444,73.28444
North Macedonia,MKD,2025,,72.855896
North Macedonia,MKD,2030,,72.28679
Northern Cyprus,OWID_CYN,1975,58.64013,
Northern Cyprus,OWID_CYN,1980,59.33719,
Northern Cyprus,OWID_CYN,1985,59.852737,
Northern Cyprus,OWID_CYN,1990,62.205376,
Northern Cyprus,OWID_CYN,1995,65.41515,
Northern Cyprus,OWID_CYN,2000,68.62762,
Northern Cyprus,OWID_CYN,2005,70.13307,
Northern Cyprus,OWID_CYN,2010,71.65684,
Northern Cyprus,OWID_CYN,2015,71.68808,
Northern Cyprus,OWID_CYN,2020,70.64676,70.64676
Northern Cyprus,OWID_CYN,2025,,69.87505
Northern Cyprus,OWID_CYN,2030,,69.33202
Northern Mariana Islands,MNP,1975,0,
Northern Mariana Islands,MNP,1980,0,
Northern Mariana Islands,MNP,1985,55.523067,
Northern Mariana Islands,MNP,1990,59.066868,
Northern Mariana Islands,MNP,1995,68.79854,
Northern Mariana Islands,MNP,2000,75.46064,
Northern Mariana Islands,MNP,2005,70.15548,
Northern Mariana Islands,MNP,2010,68.6512,
Northern Mariana Islands,MNP,2015,72.889984,
Northern Mariana Islands,MNP,2020,67.73627,67.73627
Northern Mariana Islands,MNP,2025,,68.55309
Northern Mariana Islands,MNP,2030,,69.785385
Norway,NOR,1975,54.912376,
Norway,NOR,1980,54.951073,
Norway,NOR,1985,55.456264,
Norway,NOR,1990,55.936497,
Norway,NOR,1995,57.657097,
Norway,NOR,2000,59.23323,
Norway,NOR,2005,60.846317,
Norway,NOR,2010,62.480484,
Norway,NOR,2015,63.545563,
Norway,NOR,2020,64.48194,64.48194
Norway,NOR,2025,,65.29564
Norway,NOR,2030,,65.82637
Oceania,,1975,63.865044,
Oceania,,1980,64.320206,
Oceania,,1985,64.97009,
Oceania,,1990,65.75134,
Oceania,,1995,66.22373,
Oceania,,2000,65.9309,
Oceania,,2005,66.55109,
Oceania,,2010,68.00833,
Oceania,,2015,69.344025,
Oceania,,2020,70.98799,70.98799
Oceania,,2025,,71.95422
Oceania,,2030,,73.01689
Oman,OMN,1975,42.060764,
Oman,OMN,1980,50.812267,
Oman,OMN,1985,58.064537,
Oman,OMN,1990,63.56123,
Oman,OMN,1995,68.50664,
Oman,OMN,2000,69.03341,
Oman,OMN,2005,69.52094,
Oman,OMN,2010,71.39244,
Oman,OMN,2015,76.49685,
Oman,OMN,2020,77.32722,77.32722
Oman,OMN,2025,,78.21515
Oman,OMN,2030,,79.4167
Pakistan,PAK,1975,57.654346,
Pakistan,PAK,1980,60.821884,
Pakistan,PAK,1985,65.38497,
Pakistan,PAK,1990,70.671814,
Pakistan,PAK,1995,74.70669,
Pakistan,PAK,2000,78.54782,
Pakistan,PAK,2005,81.130486,
Pakistan,PAK,2010,83.35446,
Pakistan,PAK,2015,85.14986,
Pakistan,PAK,2020,87.48906,87.48906
Pakistan,PAK,2025,,89.62944
Pakistan,PAK,2030,,91.09896
Palau,PLW,1975,66.95563,
Palau,PLW,1980,66.06643,
Palau,PLW,1985,71.487366,
Palau,PLW,1990,71.42287,
Palau,PLW,1995,71.77674,
Palau,PLW,2000,65.51392,
Palau,PLW,2005,59.40272,
Palau,PLW,2010,58.536213,
Palau,PLW,2015,56.109512,
Palau,PLW,2020,39.142315,39.142315
Palau,PLW,2025,,35.783684
Palau,PLW,2030,,34.666924
Palestine,PSE,1975,77.06107,
Palestine,PSE,1980,79.77728,
Palestine,PSE,1985,82.299034,
Palestine,PSE,1990,84.71207,
Palestine,PSE,1995,88.708466,
Palestine,PSE,2000,89.890686,
Palestine,PSE,2005,90.913734,
Palestine,PSE,2010,92.18217,
Palestine,PSE,2015,93.28338,
Palestine,PSE,2020,94.13679,94.13679
Palestine,PSE,2025,,94.74887
Palestine,PSE,2030,,95.19814
Panama,PAN,1975,51.059853,
Panama,PAN,1980,52.473198,
Panama,PAN,1985,54.75359,
Panama,PAN,1990,57.300205,
Panama,PAN,1995,61.033447,
Panama,PAN,2000,63.912827,
Panama,PAN,2005,65.10689,
Panama,PAN,2010,66.07951,
Panama,PAN,2015,67.19836,
Panama,PAN,2020,68.508514,68.508514
Panama,PAN,2025,,69.7096
Panama,PAN,2030,,70.91453
Papua New Guinea,PNG,1975,16.979486,
Papua New Guinea,PNG,1980,18.195011,
Papua New Guinea,PNG,1985,20.653547,
Papua New Guinea,PNG,1990,23.106777,
Papua New Guinea,PNG,1995,25.666443,
Papua New Guinea,PNG,2000,28.007742,
Papua New Guinea,PNG,2005,32.197598,
Papua New Guinea,PNG,2010,37.046097,
Papua New Guinea,PNG,2015,41.67992,
Papua New Guinea,PNG,2020,46.123035,46.123035
Papua New Guinea,PNG,2025,,49.773327
Papua New Guinea,PNG,2030,,53.164833
Paraguay,PRY,1975,47.74721,
Paraguay,PRY,1980,49.347763,
Paraguay,PRY,1985,51.173466,
Paraguay,PRY,1990,52.521454,
Paraguay,PRY,1995,55.264145,
Paraguay,PRY,2000,58.360558,
Paraguay,PRY,2005,61.009598,
Paraguay,PRY,2010,62.463993,
Paraguay,PRY,2015,62.60483,
Paraguay,PRY,2020,60.42744,60.42744
Paraguay,PRY,2025,,58.90935
Paraguay,PRY,2030,,58.17058
Peru,PER,1975,58.006126,
Peru,PER,1980,59.81525,
Peru,PER,1985,61.139835,
Peru,PER,1990,62.615925,
Peru,PER,1995,64.826836,
Peru,PER,2000,66.52518,
Peru,PER,2005,68.602875,
Peru,PER,2010,70.647,
Peru,PER,2015,72.29578,
Peru,PER,2020,73.05733,73.05733
Peru,PER,2025,,73.84047
Peru,PER,2030,,74.41117
Philippines,PHL,1975,66.84357,
Philippines,PHL,1980,68.82098,
Philippines,PHL,1985,71.35263,
Philippines,PHL,1990,73.65561,
Philippines,PHL,1995,75.97129,
Philippines,PHL,2000,78.09501,
Philippines,PHL,2005,79.80124,
Philippines,PHL,2010,81.34958,
Philippines,PHL,2015,82.87451,
Philippines,PHL,2020,84.57433,84.57433
Philippines,PHL,2025,,85.975555
Philippines,PHL,2030,,87.17157
Poland,POL,1975,57.21873,
Poland,POL,1980,58.22467,
Poland,POL,1985,58.738472,
Poland,POL,1990,59.340332,
Poland,POL,1995,59.91814,
Poland,POL,2000,60.03334,
Poland,POL,2005,59.977745,
Poland,POL,2010,60.035206,
Poland,POL,2015,60.20559,
Poland,POL,2020,60.148575,60.148575
Poland,POL,2025,,60.597157
Poland,POL,2030,,60.26783
Portugal,PRT,1975,64.45134,
Portugal,PRT,1980,66.22786,
Portugal,PRT,1985,66.95624,
Portugal,PRT,1990,67.42255,
Portugal,PRT,1995,68.06998,
Portugal,PRT,2000,68.81184,
Portugal,PRT,2005,69.52776,
Portugal,PRT,2010,70.099014,
Portugal,PRT,2015,70.317474,
Portugal,PRT,2020,70.53996,70.53996
Portugal,PRT,2025,,70.832924
Portugal,PRT,2030,,71.04889
Puerto Rico,PRI,1975,75.979164,
Puerto Rico,PRI,1980,77.98838,
Puerto Rico,PRI,1985,80.64048,
Puerto Rico,PRI,1990,82.20382,
Puerto Rico,PRI,1995,83.46516,
Puerto Rico,PRI,2000,84.20296,
Puerto Rico,PRI,2005,83.97406,
Puerto Rico,PRI,2010,83.55464,
Puerto Rico,PRI,2015,82.51509,
Puerto Rico,PRI,2020,80.865326,80.865326
Puerto Rico,PRI,2025,,80.90531
Puerto Rico,PRI,2030,,80.80345
Qatar,QAT,1975,70.42112,
Qatar,QAT,1980,74.22887,
Qatar,QAT,1985,78.23823,
Qatar,QAT,1990,80.474594,
Qatar,QAT,1995,83.4935,
Qatar,QAT,2000,86.54754,
Qatar,QAT,2005,88.57391,
Qatar,QAT,2010,92.895355,
Qatar,QAT,2015,93.30078,
Qatar,QAT,2020,93.159225,93.159225
Qatar,QAT,2025,,92.53897
Qatar,QAT,2030,,92.320366
Reunion,REU,1975,75.09634,
Reunion,REU,1980,76.674324,
Reunion,REU,1985,81.38731,
Reunion,REU,1990,83.984245,
Reunion,REU,1995,86.98551,
Reunion,REU,2000,87.72136,
Reunion,REU,2005,88.20889,
Reunion,REU,2010,89.624146,
Reunion,REU,2015,89.79961,
Reunion,REU,2020,89.73238,89.73238
Reunion,REU,2025,,89.33745
Reunion,REU,2030,,90.07954
Romania,ROU,1975,51.119453,
Romania,ROU,1980,52.966248,
Romania,ROU,1985,54.24491,
Romania,ROU,1990,55.668373,
Romania,ROU,1995,56.005413,
Romania,ROU,2000,55.551292,
Romania,ROU,2005,55.14682,
Romania,ROU,2010,54.793064,
Romania,ROU,2015,54.680325,
Romania,ROU,2020,54.795826,54.795826
Romania,ROU,2025,,54.892742
Romania,ROU,2030,,54.77615
Russia,RUS,1975,76.94701,
Russia,RUS,1980,77.699036,
Russia,RUS,1985,78.011635,
Russia,RUS,1990,78.10234,
Russia,RUS,1995,78.28649,
Russia,RUS,2000,78.50239,
Russia,RUS,2005,78.481445,
Russia,RUS,2010,78.43038,
Russia,RUS,2015,78.57579,
Russia,RUS,2020,78.76169,78.76169
Russia,RUS,2025,,78.36437
Russia,RUS,2030,,78.03791
Rwanda,RWA,1975,60.144276,
Rwanda,RWA,1980,65.192825,
Rwanda,RWA,1985,71.681526,
Rwanda,RWA,1990,77.54394,
Rwanda,RWA,1995,65.44089,
Rwanda,RWA,2000,79.531006,
Rwanda,RWA,2005,81.41783,
Rwanda,RWA,2010,85.324554,
Rwanda,RWA,2015,89.162895,
Rwanda,RWA,2020,92.15428,92.15428
Rwanda,RWA,2025,,94.15714
Rwanda,RWA,2030,,95.287285
Saint Barthelemy,BLM,1975,0,
Saint Barthelemy,BLM,1980,0,
Saint Barthelemy,BLM,1985,0,
Saint Barthelemy,BLM,1990,0,
Saint Barthelemy,BLM,1995,0,
Saint Barthelemy,BLM,2000,81.06177,
Saint Barthelemy,BLM,2005,83.88921,
Saint Barthelemy,BLM,2010,83.624146,
Saint Barthelemy,BLM,2015,86.38983,
Saint Barthelemy,BLM,2020,87.21998,87.21998
Saint Barthelemy,BLM,2025,,87.060295
Saint Barthelemy,BLM,2030,,86.252495
"Saint Helena, Ascension and Tris",,1975,0,
"Saint Helena, Ascension and Tris",,1980,0,
"Saint Helena, Ascension and Tris",,1985,0,
"Saint Helena, Ascension and Tris",,1990,0,
"Saint Helena, Ascension and Tris",,1995,0,
"Saint Helena, Ascension and Tris",,2000,0,
"Saint Helena, Ascension and Tris",,2005,0,
"Saint Helena, Ascension and Tris",,2010,0,
"Saint Helena, Ascension and Tris",,2015,0,
"Saint Helena, Ascension and Tris",,2020,0,0
"Saint Helena, Ascension and Tris",,2025,,0
"Saint Helena, Ascension and Tris",,2030,,0
Saint Kitts and Nevis,KNA,1975,60.192657,
Saint Kitts and Nevis,KNA,1980,60.525055,
Saint Kitts and Nevis,KNA,1985,59.66959,
Saint Kitts and Nevis,KNA,1990,46.810787,
Saint Kitts and Nevis,KNA,1995,45.8354,
Saint Kitts and Nevis,KNA,2000,45.887844,
Saint Kitts and Nevis,KNA,2005,46.45513,
Saint Kitts and Nevis,KNA,2010,46.43835,
Saint Kitts and Nevis,KNA,2015,46.209156,
Saint Kitts and Nevis,KNA,2020,42.24095,42.24095
Saint Kitts and Nevis,KNA,2025,,41.698895
Saint Kitts and Nevis,KNA,2030,,41.515934
Saint Lucia,LCA,1975,65.38077,
Saint Lucia,LCA,1980,63.362648,
Saint Lucia,LCA,1985,62.056236,
Saint Lucia,LCA,1990,62.68053,
Saint Lucia,LCA,1995,66.147804,
Saint Lucia,LCA,2000,66.96281,
Saint Lucia,LCA,2005,70.06398,
Saint Lucia,LCA,2010,70.523605,
Saint Lucia,LCA,2015,73.4858,
Saint Lucia,LCA,2020,72.74807,72.74807
Saint Lucia,LCA,2025,,72.94919
Saint Lucia,LCA,2030,,73.133644
Saint Martin (French part),MAF,1975,0,
Saint Martin (French part),MAF,1980,51.661346,
Saint Martin (French part),MAF,1985,78.37342,
Saint Martin (French part),MAF,1990,87.62537,
Saint Martin (French part),MAF,1995,88.93911,
Saint Martin (French part),MAF,2000,88.40197,
Saint Martin (French part),MAF,2005,89.928085,
Saint Martin (French part),MAF,2010,93.27547,
Saint Martin (French part),MAF,2015,93.650665,
Saint Martin (French part),MAF,2020,92.954834,92.954834
Saint Martin (French part),MAF,2025,,92.08333
Saint Martin (French part),MAF,2030,,92.98774
Saint Pierre and Miquelon,SPM,1975,85.54241,
Saint Pierre and Miquelon,SPM,1980,84.1078,
Saint Pierre and Miquelon,SPM,1985,82.81325,
Saint Pierre and Miquelon,SPM,1990,81.578865,
Saint Pierre and Miquelon,SPM,1995,78.839455,
Saint Pierre and Miquelon,SPM,2000,0,
Saint Pierre and Miquelon,SPM,2005,0,
Saint Pierre and Miquelon,SPM,2010,0,
Saint Pierre and Miquelon,SPM,2015,0,
Saint Pierre and Miquelon,SPM,2020,0,0
Saint Pierre and Miquelon,SPM,2025,,0
Saint Pierre and Miquelon,SPM,2030,,0
Saint Vincent and the Grenadines,VCT,1975,73.06915,
Saint Vincent and the Grenadines,VCT,1980,77.68746,
Saint Vincent and the Grenadines,VCT,1985,77.524475,
Saint Vincent and the Grenadines,VCT,1990,77.04318,
Saint Vincent and the Grenadines,VCT,1995,76.70213,
Saint Vincent and the Grenadines,VCT,2000,76.47157,
Saint Vincent and the Grenadines,VCT,2005,75.97873,
Saint Vincent and the Grenadines,VCT,2010,75.10527,
Saint Vincent and the Grenadines,VCT,2015,69.544754,
Saint Vincent and the Grenadines,VCT,2020,68.90312,68.90312
Saint Vincent and the Grenadines,VCT,2025,,68.60369
Saint Vincent and the Grenadines,VCT,2030,,67.77685
Samoa,WSM,1975,46.83838,
Samoa,WSM,1980,50.39441,
Samoa,WSM,1985,51.16204,
Samoa,WSM,1990,52.248764,
Samoa,WSM,1995,53.381306,
Samoa,WSM,2000,55.12811,
Samoa,WSM,2005,55.5826,
Samoa,WSM,2010,55.76377,
Samoa,WSM,2015,56.45179,
Samoa,WSM,2020,57.90928,57.90928
Samoa,WSM,2025,,59.021152
Samoa,WSM,2030,,59.790237
San Marino,SMR,1975,78.630844,
San Marino,SMR,1980,81.08328,
San Marino,SMR,1985,80.53228,
San Marino,SMR,1990,80.06484,
San Marino,SMR,1995,79.340294,
San Marino,SMR,2000,78.57456,
San Marino,SMR,2005,83.183975,
San Marino,SMR,2010,83.737305,
San Marino,SMR,2015,83.49583,
San Marino,SMR,2020,83.5179,83.5179
San Marino,SMR,2025,,82.62249
San Marino,SMR,2030,,83.07063
Sao Tome and Principe,STP,1975,75.44859,
Sao Tome and Principe,STP,1980,77.16706,
Sao Tome and Principe,STP,1985,78.41983,
Sao Tome and Principe,STP,1990,79.1271,
Sao Tome and Principe,STP,1995,80.0856,
Sao Tome and Principe,STP,2000,80.59141,
Sao Tome and Principe,STP,2005,81.21236,
Sao Tome and Principe,STP,2010,81.811485,
Sao Tome and Principe,STP,2015,82.331184,
Sao Tome and Principe,STP,2020,83.442535,83.442535
Sao Tome and Principe,STP,2025,,84.381004
Sao Tome and Principe,STP,2030,,85.195045
Saudi Arabia,SAU,1975,69.16113,
Saudi Arabia,SAU,1980,72.01222,
Saudi Arabia,SAU,1985,74.362656,
Saudi Arabia,SAU,1990,77.42532,
Saudi Arabia,SAU,1995,80.04053,
Saudi Arabia,SAU,2000,81.4824,
Saudi Arabia,SAU,2005,82.73353,
Saudi Arabia,SAU,2010,83.721405,
Saudi Arabia,SAU,2015,84.28218,
Saudi Arabia,SAU,2020,84.65212,84.65212
Saudi Arabia,SAU,2025,,84.650856
Saudi Arabia,SAU,2030,,84.65013
Senegal,SEN,1975,64.77263,
Senegal,SEN,1980,64.78885,
Senegal,SEN,1985,64.52567,
Senegal,SEN,1990,64.37127,
Senegal,SEN,1995,66.014114,
Senegal,SEN,2000,67.76797,
Senegal,SEN,2005,68.51007,
Senegal,SEN,2010,69.25745,
Senegal,SEN,2015,70.09314,
Senegal,SEN,2020,69.74543,69.74543
Senegal,SEN,2025,,70.16543
Senegal,SEN,2030,,71.363434
Serbia,SRB,1975,61.03576,
Serbia,SRB,1980,62.14096,
Serbia,SRB,1985,62.666744,
Serbia,SRB,1990,63.293457,
Serbia,SRB,1995,63.54172,
Serbia,SRB,2000,64.32679,
Serbia,SRB,2005,64.63341,
Serbia,SRB,2010,64.82465,
Serbia,SRB,2015,65.3796,
Serbia,SRB,2020,66.14316,66.14316
Serbia,SRB,2025,,65.99678
Serbia,SRB,2030,,65.88464
Seychelles,SYC,1975,71.75766,
Seychelles,SYC,1980,73.96246,
Seychelles,SYC,1985,73.5892,
Seychelles,SYC,1990,73.36408,
Seychelles,SYC,1995,72.93241,
Seychelles,SYC,2000,73.57374,
Seychelles,SYC,2005,72.9186,
Seychelles,SYC,2010,73.06661,
Seychelles,SYC,2015,77.095825,
Seychelles,SYC,2020,77.90063,77.90063
Seychelles,SYC,2025,,78.06828
Seychelles,SYC,2030,,78.60837
Sierra Leone,SLE,1975,52.406998,
Sierra Leone,SLE,1980,49.05175,
Sierra Leone,SLE,1985,46.895226,
Sierra Leone,SLE,1990,46.197567,
Sierra Leone,SLE,1995,47.138157,
Sierra Leone,SLE,2000,48.375328,
Sierra Leone,SLE,2005,51.29965,
Sierra Leone,SLE,2010,52.952568,
Sierra Leone,SLE,2015,55.344753,
Sierra Leone,SLE,2020,58.06586,58.06586
Sierra Leone,SLE,2025,,59.331615
Sierra Leone,SLE,2030,,60.517036
Singapore,SGP,1975,99.83404,
Singapore,SGP,1980,99.854675,
Singapore,SGP,1985,99.91452,
Singapore,SGP,1990,99.89964,
Singapore,SGP,1995,99.92637,
Singapore,SGP,2000,99.936844,
Singapore,SGP,2005,99.933334,
Singapore,SGP,2010,99.93835,
Singapore,SGP,2015,99.93257,
Singapore,SGP,2020,99.927765,99.927765
Singapore,SGP,2025,,99.962296
Singapore,SGP,2030,,99.96453
Sint Maarten (Dutch part),SXM,1975,0,
Sint Maarten (Dutch part),SXM,1980,57.2742,
Sint Maarten (Dutch part),SXM,1985,92.00531,
Sint Maarten (Dutch part),SXM,1990,93.93919,
Sint Maarten (Dutch part),SXM,1995,93.91103,
Sint Maarten (Dutch part),SXM,2000,93.69211,
Sint Maarten (Dutch part),SXM,2005,94.51702,
Sint Maarten (Dutch part),SXM,2010,95.991585,
Sint Maarten (Dutch part),SXM,2015,96.580956,
Sint Maarten (Dutch part),SXM,2020,98.03865,98.03865
Sint Maarten (Dutch part),SXM,2025,,98.09035
Sint Maarten (Dutch part),SXM,2030,,97.53937
Slovakia,SVK,1975,53.637512,
Slovakia,SVK,1980,54.49561,
Slovakia,SVK,1985,55.069454,
Slovakia,SVK,1990,55.48638,
Slovakia,SVK,1995,55.40839,
Slovakia,SVK,2000,55.1331,
Slovakia,SVK,2005,54.697388,
Slovakia,SVK,2010,54.04433,
Slovakia,SVK,2015,53.489166,
Slovakia,SVK,2020,53.54022,53.54022
Slovakia,SVK,2025,,54.5196
Slovakia,SVK,2030,,54.00382
Slovenia,SVN,1975,44.284348,
Slovenia,SVN,1980,45.97365,
Slovenia,SVN,1985,47.05424,
Slovenia,SVN,1990,48.148468,
Slovenia,SVN,1995,48.569088,
Slovenia,SVN,2000,48.56631,
Slovenia,SVN,2005,48.6851,
Slovenia,SVN,2010,49.570225,
Slovenia,SVN,2015,49.94742,
Slovenia,SVN,2020,50.57975,50.57975
Slovenia,SVN,2025,,50.575375
Slovenia,SVN,2030,,50.80275
Solomon Islands,SLB,1975,7.658409,
Solomon Islands,SLB,1980,9.905788,
Solomon Islands,SLB,1985,11.718854,
Solomon Islands,SLB,1990,12.656898,
Solomon Islands,SLB,1995,13.227791,
Solomon Islands,SLB,2000,15.35338,
Solomon Islands,SLB,2005,16.453451,
Solomon Islands,SLB,2010,17.921309,
Solomon Islands,SLB,2015,19.372103,
Solomon Islands,SLB,2020,20.761198,20.761198
Solomon Islands,SLB,2025,,23.081839
Solomon Islands,SLB,2030,,24.817413
Somalia,SOM,1975,63.841393,
Somalia,SOM,1980,66.177055,
Somalia,SOM,1985,69.21438,
Somalia,SOM,1990,71.925644,
Somalia,SOM,1995,75.59554,
Somalia,SOM,2000,78.283775,
Somalia,SOM,2005,80.050644,
Somalia,SOM,2010,81.660736,
Somalia,SOM,2015,82.158806,
Somalia,SOM,2020,82.642624,82.642624
Somalia,SOM,2025,,83.282524
Somalia,SOM,2030,,83.86601
South Africa,ZAF,1975,61.93824,
South Africa,ZAF,1980,64.094795,
South Africa,ZAF,1985,65.9839,
South Africa,ZAF,1990,68.73679,
South Africa,ZAF,1995,70.931114,
South Africa,ZAF,2000,72.80712,
South Africa,ZAF,2005,74.16943,
South Africa,ZAF,2010,75.629425,
South Africa,ZAF,2015,76.915886,
South Africa,ZAF,2020,78.28781,78.28781
South Africa,ZAF,2025,,79.27424
South Africa,ZAF,2030,,80.036934
South America,,1975,70.028755,
South America,,1980,71.79997,
South America,,1985,72.808464,
South America,,1990,73.79239,
South America,,1995,75.425415,
South America,,2000,76.83577,
South America,,2005,77.87739,
South America,,2010,78.86352,
South America,,2015,79.65036,
South America,,2020,79.98445,79.98445
South America,,2025,,80.248146
South America,,2030,,80.46117
South Korea,KOR,1975,83.801575,
South Korea,KOR,1980,84.487785,
South Korea,KOR,1985,85.35136,
South Korea,KOR,1990,86.65929,
South Korea,KOR,1995,87.74298,
South Korea,KOR,2000,88.595856,
South Korea,KOR,2005,89.36718,
South Korea,KOR,2010,89.96318,
South Korea,KOR,2015,90.25366,
South Korea,KOR,2020,90.12882,90.12882
South Korea,KOR,2025,,90.033
South Korea,KOR,2030,,89.975266
South Sudan,SSD,1975,23.74265,
South Sudan,SSD,1980,26.347355,
South Sudan,SSD,1985,30.196411,
South Sudan,SSD,1990,32.741535,
South Sudan,SSD,1995,35.933025,
South Sudan,SSD,2000,40.476685,
South Sudan,SSD,2005,45.81,
South Sudan,SSD,2010,52.903896,
South Sudan,SSD,2015,60.37744,
South Sudan,SSD,2020,65.04746,65.04746
South Sudan,SSD,2025,,70.382034
South Sudan,SSD,2030,,75.723404
Spain,ESP,1975,72.379776,
Spain,ESP,1980,73.44301,
Spain,ESP,1985,73.84623,
Spain,ESP,1990,74.16799,
Spain,ESP,1995,74.82002,
Spain,ESP,2000,75.650566,
Spain,ESP,2005,76.16643,
Spain,ESP,2010,77.10211,
Spain,ESP,2015,77.787636,
Spain,ESP,2020,78.619576,78.619576
Spain,ESP,2025,,78.84556
Spain,ESP,2030,,78.85738
Sri Lanka,LKA,1975,71.34613,
Sri Lanka,LKA,1980,74.28933,
Sri Lanka,LKA,1985,76.21559,
Sri Lanka,LKA,1990,78.2239,
Sri Lanka,LKA,1995,79.23161,
Sri Lanka,LKA,2000,80.010185,
Sri Lanka,LKA,2005,80.88781,
Sri Lanka,LKA,2010,82.14277,
Sri Lanka,LKA,2015,83.002594,
Sri Lanka,LKA,2020,83.84722,83.84722
Sri Lanka,LKA,2025,,84.32684
Sri Lanka,LKA,2030,,84.76194
Sudan,SDN,1975,61.12885,
Sudan,SDN,1980,63.843674,
Sudan,SDN,1985,66.84219,
Sudan,SDN,1990,68.66892,
Sudan,SDN,1995,70.83614,
Sudan,SDN,2000,72.68807,
Sudan,SDN,2005,73.89261,
Sudan,SDN,2010,75.09413,
Sudan,SDN,2015,75.29181,
Sudan,SDN,2020,74.01926,74.01926
Sudan,SDN,2025,,74.93587
Sudan,SDN,2030,,75.937325
Suriname,SUR,1975,60.564846,
Suriname,SUR,1980,62.81769,
Suriname,SUR,1985,63.65666,
Suriname,SUR,1990,63.350372,
Suriname,SUR,1995,63.495003,
Suriname,SUR,2000,63.2963,
Suriname,SUR,2005,64.46392,
Suriname,SUR,2010,67.07277,
Suriname,SUR,2015,68.95462,
Suriname,SUR,2020,71.475426,71.475426
Suriname,SUR,2025,,72.70042
Suriname,SUR,2030,,74.43842
Svalbard and Jan Mayen,SJM,1975,0,
Svalbard and Jan Mayen,SJM,1980,0,
Svalbard and Jan Mayen,SJM,1985,0,
Svalbard and Jan Mayen,SJM,1990,0,
Svalbard and Jan Mayen,SJM,1995,0,
Svalbard and Jan Mayen,SJM,2000,0,
Svalbard and Jan Mayen,SJM,2005,0,
Svalbard and Jan Mayen,SJM,2010,0,
Svalbard and Jan Mayen,SJM,2015,0,
Svalbard and Jan Mayen,SJM,2020,0,0
Svalbard and Jan Mayen,SJM,2025,,0
Svalbard and Jan Mayen,SJM,2030,,0
Sweden,SWE,1975,62.78022,
Sweden,SWE,1980,62.358112,
Sweden,SWE,1985,62.477768,
Sweden,SWE,1990,62.775784,
Sweden,SWE,1995,63.90776,
Sweden,SWE,2000,64.98559,
Sweden,SWE,2005,65.6039,
Sweden,SWE,2010,66.71348,
Sweden,SWE,2015,67.78051,
Sweden,SWE,2020,68.872826,68.872826
Sweden,SWE,2025,,69.46074
Sweden,SWE,2030,,69.66098
Switzerland,CHE,1975,67.49981,
Switzerland,CHE,1980,67.40215,
Switzerland,CHE,1985,68.08544,
Switzerland,CHE,1990,69.01271,
Switzerland,CHE,1995,70.985374,
Switzerland,CHE,2000,71.735916,
Switzerland,CHE,2005,72.74753,
Switzerland,CHE,2010,74.459305,
Switzerland,CHE,2015,75.4291,
Switzerland,CHE,2020,76.35028,76.35028
Switzerland,CHE,2025,,77.14962
Switzerland,CHE,2030,,77.56035
Syria,SYR,1975,60.7126,
Syria,SYR,1980,64.32023,
Syria,SYR,1985,66.73425,
Syria,SYR,1990,68.98669,
Syria,SYR,1995,71.65936,
Syria,SYR,2000,74.50561,
Syria,SYR,2005,76.912,
Syria,SYR,2010,80.51496,
Syria,SYR,2015,77.509514,
Syria,SYR,2020,78.98876,78.98876
Syria,SYR,2025,,81.5566
Syria,SYR,2030,,83.73249
Taiwan,TWN,1975,92.768265,
Taiwan,TWN,1980,93.1192,
Taiwan,TWN,1985,93.379745,
Taiwan,TWN,1990,93.86565,
Taiwan,TWN,1995,94.333916,
Taiwan,TWN,2000,94.53228,
Taiwan,TWN,2005,94.66785,
Taiwan,TWN,2010,94.67984,
Taiwan,TWN,2015,94.64614,
Taiwan,TWN,2020,94.4664,94.4664
Taiwan,TWN,2025,,94.47821
Taiwan,TWN,2030,,94.50106
Tajikistan,TJK,1975,61.800438,
Tajikistan,TJK,1980,65.18905,
Tajikistan,TJK,1985,69.71344,
Tajikistan,TJK,1990,73.00529,
Tajikistan,TJK,1995,75.39874,
Tajikistan,TJK,2000,76.840965,
Tajikistan,TJK,2005,79.07051,
Tajikistan,TJK,2010,80.577736,
Tajikistan,TJK,2015,82.01902,
Tajikistan,TJK,2020,82.65501,82.65501
Tajikistan,TJK,2025,,83.759674
Tajikistan,TJK,2030,,84.50939
Tanzania,TZA,1975,24.402071,
Tanzania,TZA,1980,28.208975,
Tanzania,TZA,1985,31.668892,
Tanzania,TZA,1990,34.99988,
Tanzania,TZA,1995,39.056805,
Tanzania,TZA,2000,42.455757,
Tanzania,TZA,2005,44.95606,
Tanzania,TZA,2010,47.573917,
Tanzania,TZA,2015,50.8729,
Tanzania,TZA,2020,53.821587,53.821587
Tanzania,TZA,2025,,57.991463
Tanzania,TZA,2030,,61.89637
Thailand,THA,1975,45.015133,
Thailand,THA,1980,45.34694,
Thailand,THA,1985,46.28051,
Thailand,THA,1990,47.75466,
Thailand,THA,1995,50.036205,
Thailand,THA,2000,53.07209,
Thailand,THA,2005,55.36602,
Thailand,THA,2010,57.22416,
Thailand,THA,2015,59.021873,
Thailand,THA,2020,60.720127,60.720127
Thailand,THA,2025,,62.303616
Thailand,THA,2030,,63.711212
Togo,TGO,1975,54.982872,
Togo,TGO,1980,56.83443,
Togo,TGO,1985,60.585243,
Togo,TGO,1990,63.16536,
Togo,TGO,1995,66.311806,
Togo,TGO,2000,69.213264,
Togo,TGO,2005,71.14716,
Togo,TGO,2010,71.90513,
Togo,TGO,2015,72.16421,
Togo,TGO,2020,71.021164,71.021164
Togo,TGO,2025,,71.9628
Togo,TGO,2030,,73.03074
Tokelau,TKL,1975,0,
Tokelau,TKL,1980,0,
Tokelau,TKL,1985,0,
Tokelau,TKL,1990,0,
Tokelau,TKL,1995,0,
Tokelau,TKL,2000,0,
Tokelau,TKL,2005,0,
Tokelau,TKL,2010,0,
Tokelau,TKL,2015,0,
Tokelau,TKL,2020,0,0
Tokelau,TKL,2025,,0
Tokelau,TKL,2030,,0
Tonga,TON,1975,61.731697,
Tonga,TON,1980,56.6471,
Tonga,TON,1985,57.04551,
Tonga,TON,1990,57.57801,
Tonga,TON,1995,58.740925,
Tonga,TON,2000,60.164505,
Tonga,TON,2005,56.86013,
Tonga,TON,2010,58.17533,
Tonga,TON,2015,59.326256,
Tonga,TON,2020,60.57515,60.57515
Tonga,TON,2025,,61.511387
Tonga,TON,2030,,62.295975
Trinidad and Tobago,TTO,1975,86.21867,
Trinidad and Tobago,TTO,1980,85.81712,
Trinidad and Tobago,TTO,1985,86.3937,
Trinidad and Tobago,TTO,1990,86.9674,
Trinidad and Tobago,TTO,1995,87.32238,
Trinidad and Tobago,TTO,2000,87.31391,
Trinidad and Tobago,TTO,2005,87.28146,
Trinidad and Tobago,TTO,2010,87.15697,
Trinidad and Tobago,TTO,2015,87.3873,
Trinidad and Tobago,TTO,2020,87.52898,87.52898
Trinidad and Tobago,TTO,2025,,87.48821
Trinidad and Tobago,TTO,2030,,87.28431
Tunisia,TUN,1975,54.811348,
Tunisia,TUN,1980,56.69666,
Tunisia,TUN,1985,58.148598,
Tunisia,TUN,1990,59.85847,
Tunisia,TUN,1995,63.300472,
Tunisia,TUN,2000,65.57628,
Tunisia,TUN,2005,67.08754,
Tunisia,TUN,2010,68.59747,
Tunisia,TUN,2015,70.12818,
Tunisia,TUN,2020,71.45999,71.45999
Tunisia,TUN,2025,,72.24567
Tunisia,TUN,2030,,72.96533
Turkey,TUR,1975,67.35564,
Turkey,TUR,1980,68.79338,
Turkey,TUR,1985,70.46183,
Turkey,TUR,1990,71.95076,
Turkey,TUR,1995,74.283005,
Turkey,TUR,2000,76.36666,
Turkey,TUR,2005,78.35067,
Turkey,TUR,2010,80.30917,
Turkey,TUR,2015,81.408005,
Turkey,TUR,2020,82.13351,82.13351
Turkey,TUR,2025,,82.45213
Turkey,TUR,2030,,82.37594
Turkmenistan,TKM,1975,55.38112,
Turkmenistan,TKM,1980,58.300026,
Turkmenistan,TKM,1985,60.929626,
Turkmenistan,TKM,1990,62.957073,
Turkmenistan,TKM,1995,67.037,
Turkmenistan,TKM,2000,69.05205,
Turkmenistan,TKM,2005,70.56302,
Turkmenistan,TKM,2010,71.79951,
Turkmenistan,TKM,2015,73.904045,
Turkmenistan,TKM,2020,74.655136,74.655136
Turkmenistan,TKM,2025,,75.4466
Turkmenistan,TKM,2030,,76.32414
Turks and Caicos Islands,TCA,1975,0,
Turks and Caicos Islands,TCA,1980,0,
Turks and Caicos Islands,TCA,1985,0,
Turks and Caicos Islands,TCA,1990,0,
Turks and Caicos Islands,TCA,1995,0,
Turks and Caicos Islands,TCA,2000,0,
Turks and Caicos Islands,TCA,2005,27.302794,
Turks and Caicos Islands,TCA,2010,43.63276,
Turks and Caicos Islands,TCA,2015,59.022152,
Turks and Caicos Islands,TCA,2020,76.634796,76.634796
Turks and Caicos Islands,TCA,2025,,82.88044
Turks and Caicos Islands,TCA,2030,,83.40279
Tuvalu,TUV,1975,0,
Tuvalu,TUV,1980,0,
Tuvalu,TUV,1985,0,
Tuvalu,TUV,1990,0,
Tuvalu,TUV,1995,0,
Tuvalu,TUV,2000,0,
Tuvalu,TUV,2005,0,
Tuvalu,TUV,2010,53.624863,
Tuvalu,TUV,2015,59.41086,
Tuvalu,TUV,2020,72.31312,72.31312
Tuvalu,TUV,2025,,77.93197
Tuvalu,TUV,2030,,82.786
Uganda,UGA,1975,27.616224,
Uganda,UGA,1980,29.251125,
Uganda,UGA,1985,32.45906,
Uganda,UGA,1990,37.252537,
Uganda,UGA,1995,41.846146,
Uganda,UGA,2000,46.70307,
Uganda,UGA,2005,50.68408,
Uganda,UGA,2010,55.649124,
Uganda,UGA,2015,61.83974,
Uganda,UGA,2020,69.64575,69.64575
Uganda,UGA,2025,,76.45028
Uganda,UGA,2030,,80.84664
Ukraine,UKR,1975,73.5058,
Ukraine,UKR,1980,74.103386,
Ukraine,UKR,1985,74.52536,
Ukraine,UKR,1990,74.83979,
Ukraine,UKR,1995,74.76331,
Ukraine,UKR,2000,74.72914,
Ukraine,UKR,2005,74.36094,
Ukraine,UKR,2010,74.215645,
Ukraine,UKR,2015,74.14457,
Ukraine,UKR,2020,73.91491,73.91491
Ukraine,UKR,2025,,72.203354
Ukraine,UKR,2030,,71.78932
United Arab Emirates,ARE,1975,68.381485,
United Arab Emirates,ARE,1980,79.29766,
United Arab Emirates,ARE,1985,81.51534,
United Arab Emirates,ARE,1990,84.29272,
United Arab Emirates,ARE,1995,85.463524,
United Arab Emirates,ARE,2000,87.9023,
United Arab Emirates,ARE,2005,88.666824,
United Arab Emirates,ARE,2010,91.45838,
United Arab Emirates,ARE,2015,90.99302,
United Arab Emirates,ARE,2020,90.05014,90.05014
United Arab Emirates,ARE,2025,,89.62134
United Arab Emirates,ARE,2030,,89.40257
United Kingdom,GBR,1975,84.920044,
United Kingdom,GBR,1980,84.72612,
United Kingdom,GBR,1985,84.694046,
United Kingdom,GBR,1990,84.74723,
United Kingdom,GBR,1995,84.89162,
United Kingdom,GBR,2000,84.97405,
United Kingdom,GBR,2005,85.18902,
United Kingdom,GBR,2010,85.45118,
United Kingdom,GBR,2015,85.77572,
United Kingdom,GBR,2020,86.06533,86.06533
United Kingdom,GBR,2025,,86.21761
United Kingdom,GBR,2030,,86.36745
United States,USA,1975,64.50265,
United States,USA,1980,65.3756,
United States,USA,1985,66.34095,
United States,USA,1990,67.420044,
United States,USA,1995,68.788864,
United States,USA,2000,70.35239,
United States,USA,2005,71.242836,
United States,USA,2010,72.062195,
United States,USA,2015,73.09233,
United States,USA,2020,73.97129,73.97129
United States,USA,2025,,74.23201
United States,USA,2030,,74.58375
United States Virgin Islands,VIR,1975,61.731434,
United States Virgin Islands,VIR,1980,73.15539,
United States Virgin Islands,VIR,1985,78.40694,
United States Virgin Islands,VIR,1990,78.105415,
United States Virgin Islands,VIR,1995,78.35424,
United States Virgin Islands,VIR,2000,78.859344,
United States Virgin Islands,VIR,2005,78.953705,
United States Virgin Islands,VIR,2010,77.49534,
United States Virgin Islands,VIR,2015,76.26638,
United States Virgin Islands,VIR,2020,75.01855,75.01855
United States Virgin Islands,VIR,2025,,74.99254
United States Virgin Islands,VIR,2030,,74.31413
Upper-middle-income countries,,1975,72.33821,
Upper-middle-income countries,,1980,73.35939,
Upper-middle-income countries,,1985,74.72567,
Upper-middle-income countries,,1990,76.3167,
Upper-middle-income countries,,1995,77.78248,
Upper-middle-income countries,,2000,78.998184,
Upper-middle-income countries,,2005,79.85988,
Upper-middle-income countries,,2010,80.68385,
Upper-middle-income countries,,2015,81.37214,
Upper-middle-income countries,,2020,81.72974,81.72974
Upper-middle-income countries,,2025,,82.01368
Upper-middle-income countries,,2030,,82.1156
Uruguay,URY,1975,83.98227,
Uruguay,URY,1980,84.01248,
Uruguay,URY,1985,83.97938,
Uruguay,URY,1990,84.01869,
Uruguay,URY,1995,84.24227,
Uruguay,URY,2000,84.5568,
Uruguay,URY,2005,85.13166,
Uruguay,URY,2010,85.8177,
Uruguay,URY,2015,86.383125,
Uruguay,URY,2020,86.361885,86.361885
Uruguay,URY,2025,,86.2419
Uruguay,URY,2030,,86.218575
Uzbekistan,UZB,1975,75.01777,
Uzbekistan,UZB,1980,75.901535,
Uzbekistan,UZB,1985,77.09286,
Uzbekistan,UZB,1990,78.79583,
Uzbekistan,UZB,1995,81.277695,
Uzbekistan,UZB,2000,82.91052,
Uzbekistan,UZB,2005,83.87346,
Uzbekistan,UZB,2010,84.686104,
Uzbekistan,UZB,2015,85.19825,
Uzbekistan,UZB,2020,85.436646,85.436646
Uzbekistan,UZB,2025,,86.23042
Uzbekistan,UZB,2030,,86.6047
Vanuatu,VUT,1975,8.964092,
Vanuatu,VUT,1980,11.588088,
Vanuatu,VUT,1985,13.397709,
Vanuatu,VUT,1990,20.006615,
Vanuatu,VUT,1995,21.754988,
Vanuatu,VUT,2000,23.272308,
Vanuatu,VUT,2005,25.76876,
Vanuatu,VUT,2010,27.393612,
Vanuatu,VUT,2015,28.655428,
Vanuatu,VUT,2020,29.92877,29.92877
Vanuatu,VUT,2025,,30.981579
Vanuatu,VUT,2030,,32.44996
Venezuela,VEN,1975,82.065155,
Venezuela,VEN,1980,82.91496,
Venezuela,VEN,1985,83.33713,
Venezuela,VEN,1990,83.84893,
Venezuela,VEN,1995,86.07175,
Venezuela,VEN,2000,87.428055,
Venezuela,VEN,2005,88.162865,
Venezuela,VEN,2010,88.5395,
Venezuela,VEN,2015,88.96184,
Venezuela,VEN,2020,88.48897,88.48897
Venezuela,VEN,2025,,88.47173
Venezuela,VEN,2030,,88.58296
Vietnam,VNM,1975,71.08611,
Vietnam,VNM,1980,74.01548,
Vietnam,VNM,1985,77.256775,
Vietnam,VNM,1990,80.19846,
Vietnam,VNM,1995,82.61897,
Vietnam,VNM,2000,84.07867,
Vietnam,VNM,2005,84.94258,
Vietnam,VNM,2010,85.551575,
Vietnam,VNM,2015,86.250305,
Vietnam,VNM,2020,86.6489,86.6489
Vietnam,VNM,2025,,87.39404
Vietnam,VNM,2030,,87.679634
Wallis and Futuna,WLF,1975,0,
Wallis and Futuna,WLF,1980,0,
Wallis and Futuna,WLF,1985,0,
Wallis and Futuna,WLF,1990,0,
Wallis and Futuna,WLF,1995,0,
Wallis and Futuna,WLF,2000,0,
Wallis and Futuna,WLF,2005,0,
Wallis and Futuna,WLF,2010,0,
Wallis and Futuna,WLF,2015,0,
Wallis and Futuna,WLF,2020,0,0
Wallis and Futuna,WLF,2025,,0
Wallis and Futuna,WLF,2030,,0
Western Sahara,ESH,1975,51.505924,
Western Sahara,ESH,1980,64.859634,
Western Sahara,ESH,1985,74.8874,
Western Sahara,ESH,1990,85.16078,
Western Sahara,ESH,1995,85.847046,
Western Sahara,ESH,2000,86.626236,
Western Sahara,ESH,2005,87.76663,
Western Sahara,ESH,2010,88.447296,
Western Sahara,ESH,2015,91.16962,
Western Sahara,ESH,2020,90.947914,90.947914
Western Sahara,ESH,2025,,91.05884
Western Sahara,ESH,2030,,91.36888
World,OWID_WRL,1975,69.4075,
World,OWID_WRL,1980,70.51631,
World,OWID_WRL,1985,71.92395,
World,OWID_WRL,1990,73.50138,
World,OWID_WRL,1995,75.05081,
World,OWID_WRL,2000,76.43547,
World,OWID_WRL,2005,77.38264,
World,OWID_WRL,2010,78.28108,
World,OWID_WRL,2015,79.107574,
World,OWID_WRL,2020,79.79317,79.79317
World,OWID_WRL,2025,,80.497986
World,OWID_WRL,2030,,81.061554
Yemen,YEM,1975,56.1436,
Yemen,YEM,1980,60.842037,
Yemen,YEM,1985,65.20262,
Yemen,YEM,1990,69.19659,
Yemen,YEM,1995,72.970535,
Yemen,YEM,2000,75.74801,
Yemen,YEM,2005,78.07373,
Yemen,YEM,2010,80.22101,
Yemen,YEM,2015,82.415504,
Yemen,YEM,2020,84.3521,84.3521
Yemen,YEM,2025,,85.83171
Yemen,YEM,2030,,87.16612
Zambia,ZMB,1975,50.194675,
Zambia,ZMB,1980,50.17433,
Zambia,ZMB,1985,48.871117,
Zambia,ZMB,1990,47.661003,
Zambia,ZMB,1995,47.872528,
Zambia,ZMB,2000,48.196407,
Zambia,ZMB,2005,50.25268,
Zambia,ZMB,2010,51.710583,
Zambia,ZMB,2015,52.84254,
Zambia,ZMB,2020,53.40942,53.40942
Zambia,ZMB,2025,,54.40393
Zambia,ZMB,2030,,55.825573
Zimbabwe,ZWE,1975,33.1621,
Zimbabwe,ZWE,1980,34.22738,
Zimbabwe,ZWE,1985,35.649853,
Zimbabwe,ZWE,1990,38.140682,
Zimbabwe,ZWE,1995,40.015156,
Zimbabwe,ZWE,2000,40.551403,
Zimbabwe,ZWE,2005,40.57021,
Zimbabwe,ZWE,2010,39.40268,
Zimbabwe,ZWE,2015,37.332752,
Zimbabwe,ZWE,2020,33.742065,33.742065
Zimbabwe,ZWE,2025,,32.705067
Zimbabwe,ZWE,2030,,32.8341